MEASURE_ID,SOC,BATTERY_ID,FREQUENCY_ID,IMPEDANCE_VALUE
02_4,100,02,0,(0.110973570048518-0.00547305228273139j)
02_4,090,02,0,(0.10776687163617-0.00597670185700764j)
02_4,080,02,0,(0.107165211026746-0.0063320957096541j)
02_4,070,02,0,(0.106558961363241-0.00648856565733705j)
02_4,060,02,0,(0.106086309875063-0.00559046370050435j)
02_4,050,02,0,(0.103767795180863-0.00425587929009556j)
02_4,040,02,0,(0.104544743072614-0.0038699866069619j)
02_4,030,02,0,(0.105084423264201-0.00388139231446431j)
02_4,020,02,0,(0.108913511134844-0.00457659827128665j)
02_4,010,02,0,(0.117933246465619-0.00645336378308089j)
02_5,100,02,0,(0.109887790027928-0.00554877367121047j)
02_5,090,02,0,(0.107019274698257-0.00603272419955092j)
02_5,080,02,0,(0.106241983617548-0.00640063053158558j)
02_5,070,02,0,(0.106177055075116-0.00646015405631701j)
02_5,060,02,0,(0.106282493850908-0.00594591819455636j)
02_5,050,02,0,(0.10389624430691-0.00439054994042596j)
02_5,040,02,0,(0.104545200014223-0.00397029443436846j)
02_5,030,02,0,(0.105144138747228-0.00412147946245179j)
02_5,020,02,0,(0.109336040958577-0.00442842383672521j)
02_5,010,02,0,(0.117446380666802-0.00637997244266894j)
02_6,100,02,0,(0.109289184906301-0.0053628299974031j)
02_6,090,02,0,(0.108331935498658-0.00569436362364844j)
02_6,080,02,0,(0.107897880868589-0.00637122676370616j)
02_6,070,02,0,(0.107123498150864-0.0066782666925703j)
02_6,060,02,0,(0.107315345352143-0.00581669878651881j)
02_6,050,02,0,(0.104789245161459-0.00425242177227329j)
02_6,040,02,0,(0.104429014391367-0.00377832883064851j)
02_6,030,02,0,(0.106623292073112-0.00392135425118031j)
02_6,020,02,0,(0.109641009938457-0.00443148529394445j)
02_6,010,02,0,(0.119854674464417-0.00663614474778707j)
02_7,100,02,0,(0.108977044998232-0.00555927067623301j)
02_7,090,02,0,(0.105945285843403-0.0057083906077257j)
02_7,080,02,0,(0.105560074920322-0.00621009606161462j)
02_7,070,02,0,(0.104817893226162-0.0064634518075596j)
02_7,060,02,0,(0.104938711784674-0.00566921776719151j)
02_7,050,02,0,(0.102529484978644-0.00418123153331038j)
02_7,040,02,0,(0.101910097727104-0.0036919751506663j)
02_7,030,02,0,(0.103448909352627-0.0038312887316975j)
02_7,020,02,0,(0.106262026623926-0.00419296469256494j)
02_7,010,02,0,(0.115191161317436-0.00611698264614815j)
02_8,100,02,0,(0.105185491086644-0.00545641960512799j)
02_8,090,02,0,(0.103085428468248-0.00561827761088622j)
02_8,080,02,0,(0.103180202728026-0.00596503393131602j)
02_8,070,02,0,(0.102578309171865-0.00616997443197758j)
02_8,060,02,0,(0.103031736557028-0.0056883434596393j)
02_8,050,02,0,(0.100016536024047-0.0041229356323003j)
02_8,040,02,0,(0.100105629004679-0.00375912227155161j)
02_8,030,02,0,(0.101747580326555-0.00376609253818396j)
02_8,020,02,0,(0.104399192872869-0.00412599197349454j)
02_8,010,02,0,(0.113213470022113-0.00606284619639981j)
02_9,100,02,0,(0.105195954212178-0.00530266722963223j)
02_9,090,02,0,(0.104066996073553-0.00556347450201777j)
02_9,080,02,0,(0.103850963666948-0.00599573617939111j)
02_9,070,02,0,(0.103633362123118-0.00620935661755562j)
02_9,060,02,0,(0.103146544499212-0.00556682914839159j)
02_9,050,02,0,(0.100900754925838-0.00405778986684589j)
02_9,040,02,0,(0.101036410958886-0.00386052680179618j)
02_9,030,02,0,(0.102393029772694-0.00368791784379721j)
02_9,020,02,0,(0.105714898259194-0.0042822186883757j)
02_9,010,02,0,(0.114456083803135-0.00619467903022731j)
03_4,100,03,0,(0.109190761779911-0.00540687282386518j)
03_4,090,03,0,(0.106987718187658-0.00568010600890887j)
03_4,080,03,0,(0.105506654529138-0.00594839025772978j)
03_4,070,03,0,(0.104829250015925-0.00629124775527461j)
03_4,060,03,0,(0.104966935587706-0.00520950520399661j)
03_4,050,03,0,(0.102368749499604-0.00392317272263968j)
03_4,040,03,0,(0.102421372762066-0.00379211654394144j)
03_4,030,03,0,(0.103640343252416-0.00379512006279436j)
03_4,020,03,0,(0.106557392879336-0.0042166460163693j)
03_4,010,03,0,(0.113627167893448-0.00593455516064058j)
03_5,100,03,0,(0.105531305826313-0.0050480711703967j)
03_5,090,03,0,(0.104477244194943-0.0056133705349074j)
03_5,080,03,0,(0.103700367615045-0.00601054453113773j)
03_5,070,03,0,(0.102954330490517-0.00608355297802419j)
03_5,060,03,0,(0.103253696194081-0.00543129661386974j)
03_5,050,03,0,(0.100813585652531-0.00407494769823432j)
03_5,040,03,0,(0.10100983919867-0.00372033135277513j)
03_5,030,03,0,(0.102256360333057-0.00380744895142386j)
03_5,020,03,0,(0.10496826205592-0.00428572262903223j)
03_5,010,03,0,(0.112756164680073-0.00604735748110373j)
03_6,100,03,0,(0.105594901387779-0.00520195884104687j)
03_6,090,03,0,(0.104690860922653-0.00537142877303469j)
03_6,080,03,0,(0.103814856956643-0.00585257655212147j)
03_6,070,03,0,(0.103136449818272-0.00616939581982307j)
03_6,060,03,0,(0.103822709651676-0.0055807087262384j)
03_6,050,03,0,(0.100862350408708-0.00401715626260233j)
03_6,040,03,0,(0.100632897953562-0.00360142329046222j)
03_6,030,03,0,(0.101833364308725-0.00353854782040797j)
03_6,020,03,0,(0.104556652552811-0.00386965444817431j)
03_6,010,03,0,(0.11624591751411-0.00607669673061588j)
03_7,100,03,0,(0.105609373757143-0.00512198586052616j)
03_7,090,03,0,(0.104815110646496-0.00551833945621146j)
03_7,080,03,0,(0.10412817371838-0.00580056269550244j)
03_7,070,03,0,(0.104082908967181-0.00612916434619293j)
03_7,060,03,0,(0.104663479573969-0.00547129208231707j)
03_7,050,03,0,(0.101977930439182-0.00390078925499265j)
03_7,040,03,0,(0.102319786063023-0.00366168216026469j)
03_7,030,03,0,(0.103836918156763-0.00384608292358134j)
03_7,020,03,0,(0.107357935952558-0.00421198299060971j)
03_7,010,03,0,(0.115858449609973-0.00596507742573378j)
03_8,100,03,0,(0.104888188176738-0.00506390343139345j)
03_8,090,03,0,(0.104973798447254-0.00541048946843943j)
03_8,080,03,0,(0.104416300986229-0.00592800581502448j)
03_8,070,03,0,(0.104061813544134-0.00593676862266115j)
03_8,060,03,0,(0.104179195945889-0.00547422800913109j)
03_8,050,03,0,(0.101676440993989-0.0038911022976512j)
03_8,040,03,0,(0.101674780253398-0.00356476857994166j)
03_8,030,03,0,(0.104176988298651-0.00369461349836926j)
03_8,020,03,0,(0.108883548758544-0.00422322745781783j)
03_8,010,03,0,(0.118565884407127-0.00603181887879432j)
03_9,100,03,0,(0.103895069349575-0.00513727286794197j)
03_9,090,03,0,(0.1042215688414-0.00545553993730263j)
03_9,080,03,0,(0.103203838156061-0.00573277441424088j)
03_9,070,03,0,(0.102795420354175-0.00594884499965252j)
03_9,060,03,0,(0.102490703460848-0.00551478104349797j)
03_9,050,03,0,(0.100378152787115-0.00395404888606106j)
03_9,040,03,0,(0.102126334300486-0.00363589753654634j)
03_9,030,03,0,(0.103930111632252-0.00375551027014415j)
03_9,020,03,0,(0.107853823871362-0.00423857322881307j)
03_9,010,03,0,(0.117655599637828-0.00623443176386441j)
02_4,100,02,1,(0.109770468977921-0.00368208216781645j)
02_4,090,02,1,(0.105732292056197-0.00450857248846943j)
02_4,080,02,1,(0.105013171588001-0.00491617497934145j)
02_4,070,02,1,(0.104312794378982-0.00526532266148101j)
02_4,060,02,1,(0.103527788922778-0.00527503686171172j)
02_4,050,02,1,(0.102448766278342-0.00335486395346618j)
02_4,040,02,1,(0.103323526529689-0.00292622218821953j)
02_4,030,02,1,(0.103869354893898-0.00319871099754167j)
02_4,020,02,1,(0.107390012821021-0.00369123413278272j)
02_4,010,02,1,(0.115687893625816-0.00522587903774188j)
02_5,100,02,1,(0.108577445711925-0.003647475205656j)
02_5,090,02,1,(0.104924508865757-0.00439972649496031j)
02_5,080,02,1,(0.104198198838634-0.00481238458134663j)
02_5,070,02,1,(0.103964615383407-0.00516282230716732j)
02_5,060,02,1,(0.103541231522454-0.00545013520331272j)
02_5,050,02,1,(0.102268214079269-0.00322834491199177j)
02_5,040,02,1,(0.103129697208482-0.00282350897065398j)
02_5,030,02,1,(0.103781426703517-0.0030341510191637j)
02_5,020,02,1,(0.107732019489536-0.00354336236928672j)
02_5,010,02,1,(0.115320815652449-0.00527648132080648j)
02_6,100,02,1,(0.108141117342355-0.00378393602834948j)
02_6,090,02,1,(0.106332094313946-0.00467523608744399j)
02_6,080,02,1,(0.105714121585003-0.00521470099705478j)
02_6,070,02,1,(0.105070725120827-0.00531789670205198j)
02_6,060,02,1,(0.104516525386178-0.00546884885741841j)
02_6,050,02,1,(0.10340482560307-0.0033936874453612j)
02_6,040,02,1,(0.10329939058775-0.0030131317565914j)
02_6,030,02,1,(0.105467096304513-0.00323546161277185j)
02_6,020,02,1,(0.108105246766613-0.00359678599137947j)
02_6,010,02,1,(0.117775223840685-0.00545409586833128j)
02_7,100,02,1,(0.107744609154929-0.00385533839516031j)
02_7,090,02,1,(0.104143989487251-0.00461442861563816j)
02_7,080,02,1,(0.103437550704841-0.00498759221485079j)
02_7,070,02,1,(0.102659713116796-0.00523283618851487j)
02_7,060,02,1,(0.102357816750717-0.00544802022720276j)
02_7,050,02,1,(0.100881669474007-0.00335860763649363j)
02_7,040,02,1,(0.100739193883156-0.00286676122230435j)
02_7,030,02,1,(0.102145021133448-0.00312385173770265j)
02_7,020,02,1,(0.104656370614559-0.00354890057685331j)
02_7,010,02,1,(0.113022579255082-0.00510460424886852j)
02_8,100,02,1,(0.104043680564813-0.00362291611300071j)
02_8,090,02,1,(0.100962143446812-0.00440675015174541j)
02_8,080,02,1,(0.101079284313566-0.00501228033494762j)
02_8,070,02,1,(0.100366303816612-0.00499883825289059j)
02_8,060,02,1,(0.100373415582944-0.00533916196136098j)
02_8,050,02,1,(0.0985931606740484-0.00320675182807782j)
02_8,040,02,1,(0.0990642831811825-0.00289319852545478j)
02_8,030,02,1,(0.100556196924338-0.00288241947334658j)
02_8,020,02,1,(0.10293233515227-0.00348272904323616j)
02_8,010,02,1,(0.110978356196372-0.00500939371922856j)
02_9,100,02,1,(0.104244832675701-0.00363560849194253j)
02_9,090,02,1,(0.102026685386876-0.00451481859416892j)
02_9,080,02,1,(0.101787032389879-0.00472752973729589j)
02_9,070,02,1,(0.10152863162504-0.00509779776326706j)
02_9,060,02,1,(0.100618830253079-0.00525521608346068j)
02_9,050,02,1,(0.0994889676970188-0.00315946405783245j)
02_9,040,02,1,(0.0999200241639305-0.0028098634974387j)
02_9,030,02,1,(0.101233375801798-0.0029396817722864j)
02_9,020,02,1,(0.104271876182983-0.0035561671561076j)
02_9,010,02,1,(0.112397929656915-0.00522747960522035j)
03_4,100,03,1,(0.108447540127705-0.00358128136965371j)
03_4,090,03,1,(0.104979305281898-0.00447646657812095j)
03_4,080,03,1,(0.10361884019648-0.00488454662396052j)
03_4,070,03,1,(0.102974175717352-0.00493630416311021j)
03_4,060,03,1,(0.102553053261839-0.00511318636369905j)
03_4,050,03,1,(0.101079500306815-0.00337733254694268j)
03_4,040,03,1,(0.101338310788655-0.00276396939637902j)
03_4,030,03,1,(0.102290895233301-0.0030387674346949j)
03_4,020,03,1,(0.105136856885837-0.00342160950835476j)
03_4,010,03,1,(0.111926366258595-0.00482627929005659j)
03_5,100,03,1,(0.104567384870781-0.00346957355292457j)
03_5,090,03,1,(0.102868409606731-0.00429780934116092j)
03_5,080,03,1,(0.101700642547825-0.00459330835877854j)
03_5,070,03,1,(0.101088666809028-0.00479194922844721j)
03_5,060,03,1,(0.100819411699998-0.00510600826059318j)
03_5,050,03,1,(0.0993709811554957-0.00320659421543787j)
03_5,040,03,1,(0.0998966550168488-0.00278660638211554j)
03_5,030,03,1,(0.10104795696118-0.00301021006164887j)
03_5,020,03,1,(0.103586910158566-0.00345111656212379j)
03_5,010,03,1,(0.110778776863994-0.00471803553046386j)
03_6,100,03,1,(0.104545657812932-0.00342173068841138j)
03_6,090,03,1,(0.10295096884645-0.00423369468337174j)
03_6,080,03,1,(0.101977711351685-0.00457455612511452j)
03_6,070,03,1,(0.101326302623765-0.00466040679198619j)
03_6,060,03,1,(0.101358317829227-0.00498943470868343j)
03_6,050,03,1,(0.0995006969000258-0.00307479998005869j)
03_6,040,03,1,(0.0994427857345983-0.00263657475896873j)
03_6,030,03,1,(0.100576646827748-0.00293282026304767j)
03_6,020,03,1,(0.103551295445587-0.00326749413013954j)
03_6,010,03,1,(0.114165051904904-0.00503046527897124j)
03_7,100,03,1,(0.104464643695745-0.00347051453093372j)
03_7,090,03,1,(0.103081165904333-0.00438037383496067j)
03_7,080,03,1,(0.10228169281062-0.00463814097682936j)
03_7,070,03,1,(0.102159075958546-0.00481127361616103j)
03_7,060,03,1,(0.102340903649384-0.00511097420735406j)
03_7,050,03,1,(0.100794265272497-0.00328143149371459j)
03_7,040,03,1,(0.101005597724038-0.00269414108859012j)
03_7,030,03,1,(0.102600978137357-0.00300792507799165j)
03_7,020,03,1,(0.105894788812347-0.00342563132368247j)
03_7,010,03,1,(0.114086916276536-0.00496707659256058j)
03_8,100,03,1,(0.103808016699907-0.00342445049194334j)
03_8,090,03,1,(0.1031811501658-0.00439994963741604j)
03_8,080,03,1,(0.102415448380396-0.00464783802874311j)
03_8,070,03,1,(0.102197315294622-0.00492649592649382j)
03_8,060,03,1,(0.10181303854031-0.00498371015610426j)
03_8,050,03,1,(0.100221182752608-0.00323039533763941j)
03_8,040,03,1,(0.100401326891019-0.00275357825138386j)
03_8,030,03,1,(0.10283666200945-0.00289113688327407j)
03_8,020,03,1,(0.107305365406486-0.00337086007306335j)
03_8,010,03,1,(0.116524500920308-0.00512819796034946j)
03_9,100,03,1,(0.102946147881178-0.00315362998129831j)
03_9,090,03,1,(0.102572071014504-0.00422171612376727j)
03_9,080,03,1,(0.101368926084873-0.00456249885758561j)
03_9,070,03,1,(0.10087548462198-0.0046627046638054j)
03_9,060,03,1,(0.100285556409366-0.00504352787294187j)
03_9,050,03,1,(0.0990214242508561-0.00318209351787578j)
03_9,040,03,1,(0.101104504385677-0.00281984420862098j)
03_9,030,03,1,(0.102583833609822-0.00308514169781655j)
03_9,020,03,1,(0.106414026002782-0.0035883198579651j)
03_9,010,03,1,(0.11569459821971-0.00529256178105547j)
02_4,100,02,2,(0.108937261564314-0.00297610495552434j)
02_4,090,02,2,(0.104519026187309-0.00312879276980711j)
02_4,080,02,2,(0.103722198472244-0.00351958484799974j)
02_4,070,02,2,(0.102948709739018-0.00358984486278265j)
02_4,060,02,2,(0.101676142093249-0.00339499874588338j)
02_4,050,02,2,(0.101665944211379-0.00242446489004803j)
02_4,040,02,2,(0.102672927413658-0.00209772474647037j)
02_4,030,02,2,(0.103098472700234-0.00201298938786395j)
02_4,020,02,2,(0.106296067447911-0.00238087581975463j)
02_4,010,02,2,(0.114258407298491-0.00423457967097521j)
02_5,100,02,2,(0.107830905287562-0.00288530463325991j)
02_5,090,02,2,(0.103748567204891-0.00319527655929934j)
02_5,080,02,2,(0.102794006607822-0.00364185336942149j)
02_5,070,02,2,(0.102568526551846-0.00364771343376086j)
02_5,060,02,2,(0.101632225070895-0.00341317625002377j)
02_5,050,02,2,(0.101506525478995-0.00230945117861043j)
02_5,040,02,2,(0.102536073746635-0.00208087067763822j)
02_5,030,02,2,(0.103062067228138-0.00210376939427036j)
02_5,020,02,2,(0.106616993867913-0.00263760986822948j)
02_5,010,02,2,(0.113858818940122-0.00421702424299853j)
02_6,100,02,2,(0.107240571347642-0.0028777552726259j)
02_6,090,02,2,(0.105033917216972-0.00327259140582106j)
02_6,080,02,2,(0.104265017391613-0.00360438670025609j)
02_6,070,02,2,(0.103397570085174-0.00375651819533846j)
02_6,060,02,2,(0.102642994356309-0.00353064774042387j)
02_6,050,02,2,(0.102441690482426-0.00227167530345217j)
02_6,040,02,2,(0.102660505056314-0.00208734945124059j)
02_6,030,02,2,(0.10451134205435-0.00220997727907623j)
02_6,020,02,2,(0.10685486973614-0.00262066396287121j)
02_6,010,02,2,(0.116169330941569-0.00429664528608898j)
02_7,100,02,2,(0.106998930070282-0.00282568299254558j)
02_7,090,02,2,(0.102679650833185-0.00321451697141951j)
02_7,080,02,2,(0.102010334644595-0.00347995770081502j)
02_7,070,02,2,(0.101027021378338-0.00342471473992676j)
02_7,060,02,2,(0.100506697221672-0.00323232678631894j)
02_7,050,02,2,(0.100070755358461-0.0022698425744602j)
02_7,040,02,2,(0.0999583141889829-0.00202620111866124j)
02_7,030,02,2,(0.101335041678651-0.00206723599387754j)
02_7,020,02,2,(0.103711137126224-0.00246552950588245j)
02_7,010,02,2,(0.111410308612294-0.00413653075620915j)
02_8,100,02,2,(0.103347876395392-0.00283799663856076j)
02_8,090,02,2,(0.0996874171105469-0.00307101845762821j)
02_8,080,02,2,(0.0996743767387095-0.00352102167144549j)
02_8,070,02,2,(0.0990153477162033-0.00359736853959864j)
02_8,060,02,2,(0.0986376485714036-0.00336072205062245j)
02_8,050,02,2,(0.0976984601777229-0.0023236593670714j)
02_8,040,02,2,(0.0982925825247496-0.00181174946854117j)
02_8,030,02,2,(0.0998694432608842-0.00208552980419671j)
02_8,020,02,2,(0.101848125047947-0.00242999137086923j)
02_8,010,02,2,(0.109555516022346-0.00415198876292874j)
02_9,100,02,2,(0.103299771972989-0.00267208598223968j)
02_9,090,02,2,(0.100914084373345-0.00285005816670547j)
02_9,080,02,2,(0.100280467875293-0.00349680248221115j)
02_9,070,02,2,(0.10002317967683-0.00354001631229726j)
02_9,060,02,2,(0.098956407333479-0.00337791425313066j)
02_9,050,02,2,(0.0983613083745415-0.00224144904147548j)
02_9,040,02,2,(0.0991148172831214-0.00198429650894613j)
02_9,030,02,2,(0.100460307823012-0.00200878973300996j)
02_9,020,02,2,(0.103228164149909-0.00245961107290575j)
02_9,010,02,2,(0.110774981775452-0.00415773102942535j)
03_4,100,03,2,(0.107627925644025-0.00269830550198192j)
03_4,090,03,2,(0.103673465657959-0.00310358891951169j)
03_4,080,03,2,(0.102229890818482-0.00326925342469368j)
03_4,070,03,2,(0.101393664440603-0.00335523812728371j)
03_4,060,03,2,(0.100757540545891-0.00330263519299347j)
03_4,050,03,2,(0.100062881359574-0.00208459320109828j)
03_4,040,03,2,(0.100531633576541-0.00184114470888638j)
03_4,030,03,2,(0.101515617160573-0.00209962429783309j)
03_4,020,03,2,(0.104077993876774-0.00222495987307119j)
03_4,010,03,2,(0.11041033847735-0.00378141334944255j)
03_5,100,03,2,(0.103748974221951-0.00262779024254777j)
03_5,090,03,2,(0.101588263369603-0.00305084533455286j)
03_5,080,03,2,(0.100404278156018-0.00323150911379714j)
03_5,070,03,2,(0.0996695829092127-0.00330865101226644j)
03_5,060,03,2,(0.0990752766271095-0.00327059359682321j)
03_5,050,03,2,(0.0986126958570621-0.00210806274587197j)
03_5,040,03,2,(0.0991912333912143-0.00184541630855739j)
03_5,030,03,2,(0.100368166309478-0.00191147444453247j)
03_5,020,03,2,(0.102544876904627-0.00230455942494938j)
03_5,010,03,2,(0.109272655448008-0.00386465703737758j)
03_6,100,03,2,(0.103787184443352-0.00249397603129918j)
03_6,090,03,2,(0.101625898332105-0.00281189885476342j)
03_6,080,03,2,(0.10050602241441-0.00318538974311818j)
03_6,070,03,2,(0.0999630146261843-0.00307510767617775j)
03_6,060,03,2,(0.0996680124805415-0.00322766845754615j)
03_6,050,03,2,(0.0988792245675475-0.00206848250063142j)
03_6,040,03,2,(0.098832921213052-0.00184308050738702j)
03_6,030,03,2,(0.0999034121285074-0.00186903351246803j)
03_6,020,03,2,(0.10242622035449-0.00232656213709631j)
03_6,010,03,2,(0.112655126782059-0.00419412270627828j)
03_7,100,03,2,(0.103837453673463-0.00239548712716042j)
03_7,090,03,2,(0.102058046428946-0.00295341698386149j)
03_7,080,03,2,(0.100861529053152-0.0033100643006409j)
03_7,070,03,2,(0.100777619895459-0.00329350860467436j)
03_7,060,03,2,(0.100545762456684-0.00336829553633653j)
03_7,050,03,2,(0.0998876785485387-0.00210669387882462j)
03_7,040,03,2,(0.100516124800309-0.00177620707823314j)
03_7,030,03,2,(0.101833617772332-0.0018840236620574j)
03_7,020,03,2,(0.105025220697787-0.0024388777270521j)
03_7,010,03,2,(0.112467769633824-0.00406659434060792j)
03_8,100,03,2,(0.103002611288973-0.00254318554063218j)
03_8,090,03,2,(0.101938898458074-0.00305170456530709j)
03_8,080,03,2,(0.101054127167609-0.00322824091885341j)
03_8,070,03,2,(0.100662245111372-0.00329218732977967j)
03_8,060,03,2,(0.100138624830908-0.00319798276952138j)
03_8,050,03,2,(0.0993795236466574-0.0020880503516563j)
03_8,040,03,2,(0.0998104069421421-0.00175003929642075j)
03_8,030,03,2,(0.101918584944135-0.00195852445112718j)
03_8,020,03,2,(0.106272063961663-0.00247572559440035j)
03_8,010,03,2,(0.115002383925068-0.00435772994027898j)
03_9,100,03,2,(0.102451688646089-0.00246889638879019j)
03_9,090,03,2,(0.101231119453733-0.00303910193302478j)
03_9,080,03,2,(0.100137347308104-0.00323723149525064j)
03_9,070,03,2,(0.0993799793260817-0.00316749852118769j)
03_9,060,03,2,(0.0985860707890082-0.00325433941850211j)
03_9,050,03,2,(0.0981859630294418-0.0020777732053184j)
03_9,040,03,2,(0.10018243099573-0.00193317328867882j)
03_9,030,03,2,(0.101950359380401-0.00189299656811781j)
03_9,020,03,2,(0.105234670306365-0.00249174207277057j)
03_9,010,03,2,(0.113917115792498-0.00447927052876127j)
02_4,100,02,3,(0.108215230040267-0.00244909614256069j)
02_4,090,02,3,(0.10372882565395-0.00254430498237004j)
02_4,080,02,3,(0.102851631906743-0.00279886952108034j)
02_4,070,02,3,(0.102107052080037-0.00300485584084893j)
02_4,060,02,3,(0.101072970827681-0.00249293342283844j)
02_4,050,02,3,(0.101108465751825-0.00185808732693678j)
02_4,040,02,3,(0.10210330493352-0.00155548436942884j)
02_4,030,02,3,(0.102843428191677-0.00171297642640014j)
02_4,020,02,3,(0.105806006321248-0.00202677055090474j)
02_4,010,02,3,(0.11324307669151-0.00380900215780517j)
02_5,100,02,3,(0.107004290033502-0.0024582922907311j)
02_5,090,02,3,(0.102957341398953-0.0026305022254584j)
02_5,080,02,3,(0.10196510458502-0.00270165646751416j)
02_5,070,02,3,(0.101454979732034-0.00271818349941408j)
02_5,060,02,3,(0.101316939384792-0.00262457801306024j)
02_5,050,02,3,(0.101057639935484-0.00170651317808003j)
02_5,040,02,3,(0.102161527067931-0.00156907281122103j)
02_5,030,02,3,(0.102788819610199-0.00161134723348554j)
02_5,020,02,3,(0.106304166921899-0.00202853158753161j)
02_5,010,02,3,(0.112701688233857-0.00396402578074181j)
02_6,100,02,3,(0.106597151420199-0.0022949183345226j)
02_6,090,02,3,(0.104411123444915-0.00259082805139235j)
02_6,080,02,3,(0.103386768274468-0.00277855684962312j)
02_6,070,02,3,(0.102477800981076-0.00283278281533018j)
02_6,060,02,3,(0.102312208996181-0.00265761176452012j)
02_6,050,02,3,(0.102127690564543-0.00181850400446455j)
02_6,040,02,3,(0.102250599189712-0.0015339361177184j)
02_6,030,02,3,(0.104234810284391-0.00161877539083545j)
02_6,020,02,3,(0.10652023537189-0.00202930610352454j)
02_6,010,02,3,(0.114960993974364-0.00437934469937773j)
02_7,100,02,3,(0.106260006775355-0.00235085995351182j)
02_7,090,02,3,(0.102031272774422-0.00258604489617227j)
02_7,080,02,3,(0.101174111265918-0.00275587010533891j)
02_7,070,02,3,(0.100344474461919-0.00277156184994765j)
02_7,060,02,3,(0.0999786990778599-0.00260307386981708j)
02_7,050,02,3,(0.0994403947804668-0.00180720594906846j)
02_7,040,02,3,(0.099661141604674-0.00136927119384958j)
02_7,030,02,3,(0.101024001964827-0.00171038876626577j)
02_7,020,02,3,(0.103377125420563-0.00198454831441236j)
02_7,010,02,3,(0.110346810364188-0.00384846576078875j)
02_8,100,02,3,(0.102514404625533-0.00224897768671234j)
02_8,090,02,3,(0.0990058872627855-0.00254916796006008j)
02_8,080,02,3,(0.0988655828662487-0.00283717435714895j)
02_8,070,02,3,(0.0982859068944979-0.00274465084923758j)
02_8,060,02,3,(0.0979864467523672-0.00265318309797064j)
02_8,050,02,3,(0.0972655252072094-0.00171110566902867j)
02_8,040,02,3,(0.0979839787863515-0.00148981644090137j)
02_8,030,02,3,(0.0994802396474709-0.0015587655603518j)
02_8,020,02,3,(0.101380717935417-0.00203742218045598j)
02_8,010,02,3,(0.10846551772025-0.0037724116010734j)
02_9,100,02,3,(0.102387439619728-0.00215574295560626j)
02_9,090,02,3,(0.100090156043949-0.00257247444243485j)
02_9,080,02,3,(0.0993417666234198-0.00257731745590198j)
02_9,070,02,3,(0.0992493522623741-0.00274137710407824j)
02_9,060,02,3,(0.0985079014676668-0.00240093150060635j)
02_9,050,02,3,(0.0980460579104717-0.00164590782970951j)
02_9,040,02,3,(0.0989215597546765-0.00143357773036347j)
02_9,030,02,3,(0.100249997206193-0.0014898661152572j)
02_9,020,02,3,(0.10299751433501-0.00191434385188952j)
02_9,010,02,3,(0.109700540501564-0.00379522864578564j)
03_4,100,03,3,(0.10688463860712-0.002149797250191j)
03_4,090,03,3,(0.103123566133513-0.00242474867575125j)
03_4,080,03,3,(0.101525325082339-0.00256242572691033j)
03_4,070,03,3,(0.100702636441986-0.00249930379365599j)
03_4,060,03,3,(0.100356084308141-0.00225514451555281j)
03_4,050,03,3,(0.0997294324082766-0.00161572304485759j)
03_4,040,03,3,(0.100258072550906-0.00143771018228744j)
03_4,030,03,3,(0.101271932323575-0.00143153779053824j)
03_4,020,03,3,(0.103777787394666-0.0018720168029209j)
03_4,010,03,3,(0.109337317920835-0.00345075156566351j)
03_5,100,03,3,(0.102864003296497-0.0020149910880576j)
03_5,090,03,3,(0.100936607559035-0.00234035399289783j)
03_5,080,03,3,(0.099635235725858-0.00240061148331902j)
03_5,070,03,3,(0.0990424890971679-0.0024444036959336j)
03_5,060,03,3,(0.0987631317113393-0.00229043048208931j)
03_5,050,03,3,(0.0982495180616895-0.00150741604726159j)
03_5,040,03,3,(0.0988582441692185-0.00137997537485977j)
03_5,030,03,3,(0.100022025724691-0.00149801383342915j)
03_5,020,03,3,(0.102231114993004-0.00194222606725762j)
03_5,010,03,3,(0.108393410876568-0.00363416242666925j)
03_6,100,03,3,(0.103271395145922-0.00192602166389229j)
03_6,090,03,3,(0.100850943220255-0.00211587096225007j)
03_6,080,03,3,(0.0998783718842725-0.0024260969139684j)
03_6,070,03,3,(0.0992910752474673-0.00248264124163021j)
03_6,060,03,3,(0.0992961044503849-0.00222611850651084j)
03_6,050,03,3,(0.0984027069740693-0.0014637694007588j)
03_6,040,03,3,(0.0986281049922825-0.00142409135360256j)
03_6,030,03,3,(0.0995034767641478-0.00138608060190466j)
03_6,020,03,3,(0.101975715335348-0.00160836734500524j)
03_6,010,03,3,(0.111638380977377-0.00404695803693469j)
03_7,100,03,3,(0.10343437000779-0.00200484433134803j)
03_7,090,03,3,(0.101263334302543-0.0023794290764474j)
03_7,080,03,3,(0.100116751553891-0.00243181015069651j)
03_7,070,03,3,(0.100101471048377-0.00253560743557284j)
03_7,060,03,3,(0.100014027839098-0.00228642599523522j)
03_7,050,03,3,(0.0994900759418774-0.0014986844732068j)
03_7,040,03,3,(0.100198304087514-0.00140106978689711j)
03_7,030,03,3,(0.101604432314359-0.00157922495631971j)
03_7,020,03,3,(0.104450666336505-0.00190528204054426j)
03_7,010,03,3,(0.111400482574902-0.00370773853572422j)
03_8,100,03,3,(0.102379825169084-0.0019788887287754j)
03_8,090,03,3,(0.10121415723355-0.00232938969543822j)
03_8,080,03,3,(0.100438521295929-0.0025090922250392j)
03_8,070,03,3,(0.10004907450013-0.00246513073158214j)
03_8,060,03,3,(0.0996329363171879-0.00222286837478757j)
03_8,050,03,3,(0.0989449209038843-0.00152254070423513j)
03_8,040,03,3,(0.0995295391117498-0.00138240064767281j)
03_8,030,03,3,(0.101756584169274-0.00151507220855252j)
03_8,020,03,3,(0.105862572128748-0.00195260710816691j)
03_8,010,03,3,(0.113877120064138-0.00418871949622179j)
03_9,100,03,3,(0.101764135247872-0.00199372820007005j)
03_9,090,03,3,(0.100644559586353-0.00228170016769517j)
03_9,080,03,3,(0.0993106496285925-0.00248336399916837j)
03_9,070,03,3,(0.0988171205356345-0.00242210320068191j)
03_9,060,03,3,(0.0980210839558988-0.00225082943318186j)
03_9,050,03,3,(0.097668096000401-0.00155854670842185j)
03_9,040,03,3,(0.100084560167775-0.00135093608295329j)
03_9,030,03,3,(0.101734837139636-0.00155821399725266j)
03_9,020,03,3,(0.104801317291896-0.00210265005896463j)
03_9,010,03,3,(0.11286927794635-0.00435729137099729j)
02_4,100,02,4,(0.10692898782544-0.00246440835256253j)
02_4,090,02,4,(0.102350628883664-0.00252293570018958j)
02_4,080,02,4,(0.101210719021075-0.0025091402218519j)
02_4,070,02,4,(0.100683169274328-0.00246607529601017j)
02_4,060,02,4,(0.0997885545169589-0.00238648044869696j)
02_4,050,02,4,(0.0999931838023928-0.00183267524145727j)
02_4,040,02,4,(0.101309648186386-0.00183818167659941j)
02_4,030,02,4,(0.101968108692857-0.001720301761863j)
02_4,020,02,4,(0.104750952673306-0.00225683603891093j)
02_4,010,02,4,(0.111026252845845-0.0046524833677584j)
02_5,100,02,4,(0.105948421848683-0.00257368360824438j)
02_5,090,02,4,(0.101655540533035-0.00251747863894614j)
02_5,080,02,4,(0.100576024281319-0.00245915393543665j)
02_5,070,02,4,(0.100114062716302-0.00250420641003661j)
02_5,060,02,4,(0.099925008692065-0.00229395804132089j)
02_5,050,02,4,(0.100190353450514-0.00159204963712937j)
02_5,040,02,4,(0.101144948975379-0.00172299421802353j)
02_5,030,02,4,(0.101895504360805-0.00175434620636345j)
02_5,020,02,4,(0.104989517642176-0.00254657579482015j)
02_5,010,02,4,(0.110349559634848-0.00465505278894117j)
02_6,100,02,4,(0.105441340361187-0.00232782682645861j)
02_6,090,02,4,(0.102993387011339-0.00257198617211749j)
02_6,080,02,4,(0.10199483259598-0.00249362766614642j)
02_6,070,02,4,(0.10117579446472-0.00261802450770809j)
02_6,060,02,4,(0.100823334182986-0.00238629286218091j)
02_6,050,02,4,(0.101092344231241-0.0018697537608885j)
02_6,040,02,4,(0.101498492200186-0.00156632788918605j)
02_6,030,02,4,(0.103237229465764-0.00177223206579095j)
02_6,020,02,4,(0.105304112462538-0.00244683857151298j)
02_6,010,02,4,(0.112423765005973-0.00493228538201677j)
02_7,100,02,4,(0.105055580017485-0.00246225899527496j)
02_7,090,02,4,(0.100605211435298-0.00256177195327134j)
02_7,080,02,4,(0.0998428407327176-0.00245970039958537j)
02_7,070,02,4,(0.0989915541132013-0.0025226613316266j)
02_7,060,02,4,(0.0986243061633825-0.00241109955798443j)
02_7,050,02,4,(0.0987335599439256-0.00166433163283486j)
02_7,040,02,4,(0.0988869795693889-0.0015934297784063j)
02_7,030,02,4,(0.100329530135097-0.00169326006054879j)
02_7,020,02,4,(0.102200777423312-0.0023662730084485j)
02_7,010,02,4,(0.108053944731372-0.00464584219411364j)
02_8,100,02,4,(0.101577086509949-0.00228469876029908j)
02_8,090,02,4,(0.097906139315793-0.0023098332581701j)
02_8,080,02,4,(0.0973833362174458-0.00265580024835063j)
02_8,070,02,4,(0.0968906237922481-0.00253464823790367j)
02_8,060,02,4,(0.0967362670062686-0.00228455047111182j)
02_8,050,02,4,(0.096489196076152-0.00174209597150584j)
02_8,040,02,4,(0.0974732142477426-0.00155167820679786j)
02_8,030,02,4,(0.0987044648977464-0.00179543445125858j)
02_8,020,02,4,(0.100403095652068-0.00221602215024099j)
02_8,010,02,4,(0.106241697163978-0.00450482344652856j)
02_9,100,02,4,(0.101399228648892-0.00262048555631843j)
02_9,090,02,4,(0.0988767598577502-0.00230640343512853j)
02_9,080,02,4,(0.0981240401507091-0.0024460302920714j)
02_9,070,02,4,(0.0978309283978395-0.00257061929679722j)
02_9,060,02,4,(0.097085496033605-0.00223728139374237j)
02_9,050,02,4,(0.0971263296295713-0.001766011934202j)
02_9,040,02,4,(0.0980099561620895-0.00149723390642089j)
02_9,030,02,4,(0.0994647465350447-0.00172234741052156j)
02_9,020,02,4,(0.101745107677596-0.00230143122648888j)
02_9,010,02,4,(0.107484617330973-0.00471483633006911j)
03_4,100,03,4,(0.105962929094526-0.00240202657147087j)
03_4,090,03,4,(0.102046364663213-0.00225912216929385j)
03_4,080,03,4,(0.100243563124151-0.00229513415812822j)
03_4,070,03,4,(0.09962376388968-0.00231764011246612j)
03_4,060,03,4,(0.0991608862668852-0.00210522152913028j)
03_4,050,03,4,(0.0989731808041426-0.00159484976004516j)
03_4,040,03,4,(0.0996204163017643-0.00151452269865668j)
03_4,030,03,4,(0.10055603674436-0.00157109335702925j)
03_4,020,03,4,(0.102810773662129-0.0020252812276432j)
03_4,010,03,4,(0.107601953926349-0.00424344992086012j)
03_5,100,03,4,(0.102171077902205-0.00207101650683549j)
03_5,090,03,4,(0.0997516809984743-0.00223972133201902j)
03_5,080,03,4,(0.0984381729444224-0.00232636763284896j)
03_5,070,03,4,(0.0978818429658089-0.00213086342879963j)
03_5,060,03,4,(0.0974349739439103-0.00207387096593169j)
03_5,050,03,4,(0.0974906189200128-0.00148347514339346j)
03_5,040,03,4,(0.0982408557798384-0.00151913607862744j)
03_5,030,03,4,(0.099296714748625-0.00153512312954073j)
03_5,020,03,4,(0.101209577655863-0.00215001268237456j)
03_5,010,03,4,(0.106253977472881-0.00445971947238347j)
03_6,100,03,4,(0.102475302429345-0.00203574216172727j)
03_6,090,03,4,(0.100004806818809-0.00219690562398322j)
03_6,080,03,4,(0.0987754928338542-0.00219226342008299j)
03_6,070,03,4,(0.0979426378756625-0.00221263945314586j)
03_6,060,03,4,(0.0981597953560903-0.00206813197467629j)
03_6,050,03,4,(0.0975792034994856-0.00145765030966793j)
03_6,040,03,4,(0.0978254604979817-0.0014205642446465j)
03_6,030,03,4,(0.0988785916477901-0.00144296365856521j)
03_6,020,03,4,(0.101134107827852-0.00211697310693505j)
03_6,010,03,4,(0.109257383593529-0.00504963079778629j)
03_7,100,03,4,(0.102405417473642-0.00208694882789626j)
03_7,090,03,4,(0.100190785925944-0.00221995938778095j)
03_7,080,03,4,(0.0988716678812543-0.00223707289403546j)
03_7,070,03,4,(0.0988717645344603-0.00217990892517696j)
03_7,060,03,4,(0.09867524530003-0.00213215045387406j)
03_7,050,03,4,(0.0987877347456869-0.00143129998439119j)
03_7,040,03,4,(0.0994603447577115-0.00146260672360998j)
03_7,030,03,4,(0.100857332173952-0.00155136625588596j)
03_7,020,03,4,(0.10344916234405-0.00212931447823398j)
03_7,010,03,4,(0.109133214399617-0.00473111620656038j)
03_8,100,03,4,(0.101565913586641-0.00207365635141493j)
03_8,090,03,4,(0.100221150037849-0.00218724890973353j)
03_8,080,03,4,(0.0992516777846084-0.00223673269555193j)
03_8,070,03,4,(0.0989363992144817-0.00220042673143132j)
03_8,060,03,4,(0.0984869127241241-0.00208441812719178j)
03_8,050,03,4,(0.0983610985151653-0.00154714731870841j)
03_8,040,03,4,(0.0988669470838986-0.00140577500119595j)
03_8,030,03,4,(0.101139688973611-0.00155031820270158j)
03_8,020,03,4,(0.104804373124782-0.00231482063367284j)
03_8,010,03,4,(0.111264619619955-0.00525948672457411j)
03_9,100,03,4,(0.100898252980099-0.00202304797625662j)
03_9,090,03,4,(0.0994626417858981-0.00218783202293669j)
03_9,080,03,4,(0.0982212533944036-0.00225114577702766j)
03_9,070,03,4,(0.0976256006781598-0.00219697943910293j)
03_9,060,03,4,(0.0970462735558533-0.00199244187489231j)
03_9,050,03,4,(0.0971990305138881-0.00141352174270876j)
03_9,040,03,4,(0.0994438163037411-0.0014447857796248j)
03_9,030,03,4,(0.100729980903424-0.00173252642032868j)
03_9,020,03,4,(0.103872570188598-0.0025821372175134j)
03_9,010,03,4,(0.109967028809188-0.00567047659240452j)
02_4,100,02,5,(0.106233827186597-0.00317475413690507j)
02_4,090,02,5,(0.101694366696103-0.00281652541164174j)
02_4,080,02,5,(0.100603226249877-0.00288440338374545j)
02_4,070,02,5,(0.0999307937601128-0.00273759691032989j)
02_4,060,02,5,(0.0990386261841187-0.00269328229852517j)
02_4,050,02,5,(0.0995964104996455-0.00229975068835957j)
02_4,040,02,5,(0.10078276933468-0.00234328544661832j)
02_4,030,02,5,(0.101440043412676-0.0023399489727649j)
02_4,020,02,5,(0.103965276257809-0.00288811022666475j)
02_4,010,02,5,(0.109056550435005-0.00569863758463933j)
02_5,100,02,5,(0.105188138225844-0.00308628017218475j)
02_5,090,02,5,(0.100813792218082-0.00278132543733224j)
02_5,080,02,5,(0.0996441198115604-0.00288271521833372j)
02_5,070,02,5,(0.0994934005737252-0.00305211289211733j)
02_5,060,02,5,(0.0991284303949038-0.00257111170588199j)
02_5,050,02,5,(0.0996661503357143-0.00219069547772411j)
02_5,040,02,5,(0.100813464717116-0.00220451544710799j)
02_5,030,02,5,(0.101395727834733-0.00231137524402252j)
02_5,020,02,5,(0.104203295919075-0.00323239762979613j)
02_5,010,02,5,(0.10839260309728-0.00585062250961994j)
02_6,100,02,5,(0.104793415734592-0.00271578737826926j)
02_6,090,02,5,(0.102267336945692-0.00274646008246623j)
02_6,080,02,5,(0.101109668978784-0.00287961184529878j)
02_6,070,02,5,(0.10036256897268-0.00285058075231791j)
02_6,060,02,5,(0.100026103524823-0.00256821999741687j)
02_6,050,02,5,(0.100629329580355-0.00232005436993944j)
02_6,040,02,5,(0.101008108691007-0.00212664280199798j)
02_6,030,02,5,(0.102682282303939-0.0024583481728176j)
02_6,020,02,5,(0.104480083054285-0.0031915555490982j)
02_6,010,02,5,(0.110225887974625-0.00607806141593812j)
02_7,100,02,5,(0.104325200856986-0.00304680365746016j)
02_7,090,02,5,(0.0999498703634093-0.00279551131126106j)
02_7,080,02,5,(0.0989841886112229-0.00272323239345901j)
02_7,070,02,5,(0.0980795064999509-0.00270908657553913j)
02_7,060,02,5,(0.0978942832234783-0.00263911183722375j)
02_7,050,02,5,(0.0980992203558566-0.00208857924302175j)
02_7,040,02,5,(0.0984199303456155-0.00203240889113441j)
02_7,030,02,5,(0.0998509813199393-0.00229936554280645j)
02_7,020,02,5,(0.101473940003742-0.00291471177976499j)
02_7,010,02,5,(0.106048940900631-0.00574124016324931j)
02_8,100,02,5,(0.100699711004736-0.00289463183941727j)
02_8,090,02,5,(0.0970448845894877-0.00259400263489651j)
02_8,080,02,5,(0.0965847714285017-0.00269360111097071j)
02_8,070,02,5,(0.0958795170545288-0.00265315433157886j)
02_8,060,02,5,(0.095949696658064-0.00255118895302499j)
02_8,050,02,5,(0.0957677386433576-0.00207090011075354j)
02_8,040,02,5,(0.0967235829396598-0.00197080423508361j)
02_8,030,02,5,(0.0979983950550199-0.00224508618262482j)
02_8,020,02,5,(0.0996733794894834-0.00285287734891454j)
02_8,010,02,5,(0.104345166186745-0.00566003509677187j)
02_9,100,02,5,(0.10082467179243-0.00293160668258802j)
02_9,090,02,5,(0.0979964656688705-0.00255310783734307j)
02_9,080,02,5,(0.0971835027866093-0.00280262164902744j)
02_9,070,02,5,(0.0970198151282426-0.00279541675213817j)
02_9,060,02,5,(0.0963242469424688-0.00237138686433416j)
02_9,050,02,5,(0.0967319304804269-0.00210650731507308j)
02_9,040,02,5,(0.0975160132669622-0.00187349595191911j)
02_9,030,02,5,(0.0987489846000296-0.00210245762423927j)
02_9,020,02,5,(0.101105651041411-0.00287711360211804j)
02_9,010,02,5,(0.105374390964191-0.00571905750218159j)
03_4,100,03,5,(0.105205599440126-0.00294388504758191j)
03_4,090,03,5,(0.101203233019954-0.00258341041167829j)
03_4,080,03,5,(0.0996133148140113-0.00259768994600947j)
03_4,070,03,5,(0.0988429494435016-0.00251581175731992j)
03_4,060,03,5,(0.0985152633644111-0.00245993549865158j)
03_4,050,03,5,(0.0984562664019264-0.00196255924498681j)
03_4,040,03,5,(0.0990432706900912-0.00190252961432979j)
03_4,030,03,5,(0.0999692320126675-0.00209991717321155j)
03_4,020,03,5,(0.101984639748838-0.00271327823573048j)
03_4,010,03,5,(0.105682468394757-0.00519891033807599j)
03_5,100,03,5,(0.101511086968645-0.00249241333930475j)
03_5,090,03,5,(0.0991226090308543-0.00241494350184139j)
03_5,080,03,5,(0.0976835770942056-0.00242228954040309j)
03_5,070,03,5,(0.0969530081217177-0.00245226415906477j)
03_5,060,03,5,(0.0968060851186411-0.00212719479794816j)
03_5,050,03,5,(0.0969742091192426-0.00185482845594525j)
03_5,040,03,5,(0.0977687886260852-0.0017850361597959j)
03_5,030,03,5,(0.0987745707569153-0.0020483689284186j)
03_5,020,03,5,(0.100429388758073-0.00273252335534156j)
03_5,010,03,5,(0.10424955092536-0.00531751672699426j)
03_6,100,03,5,(0.101759269934066-0.00249290051846559j)
03_6,090,03,5,(0.0992305578178579-0.00238848006180871j)
03_6,080,03,5,(0.0981041688003037-0.00237116065837306j)
03_6,070,03,5,(0.0974749204709068-0.00228183888570027j)
03_6,060,03,5,(0.0975178006089655-0.00217046543174115j)
03_6,050,03,5,(0.0972749949934099-0.00171726171546786j)
03_6,040,03,5,(0.0975907093668247-0.00169247093807311j)
03_6,030,03,5,(0.0984676363654662-0.00189615688971072j)
03_6,020,03,5,(0.100468044369363-0.00269535128985622j)
03_6,010,03,5,(0.107024181027462-0.00600449695102523j)
03_7,100,03,5,(0.101498069331325-0.00255624799153199j)
03_7,090,03,5,(0.099419149216452-0.0024836512530287j)
03_7,080,03,5,(0.0981724612033734-0.00243659555278171j)
03_7,070,03,5,(0.0981320344419401-0.00241872306618626j)
03_7,060,03,5,(0.098096163582509-0.00233386136766444j)
03_7,050,03,5,(0.0984010686313393-0.00185369473832616j)
03_7,040,03,5,(0.098951525788423-0.00180082809153574j)
03_7,030,03,5,(0.100267758695193-0.00197035167282432j)
03_7,020,03,5,(0.102640639999053-0.00281994139128222j)
03_7,010,03,5,(0.106946065982004-0.00576182790502229j)
03_8,100,03,5,(0.100893671780834-0.00248634613327709j)
03_8,090,03,5,(0.0995141718092966-0.0024818714549922j)
03_8,080,03,5,(0.0984703144063231-0.00246832600032681j)
03_8,070,03,5,(0.0981178832472917-0.00241417107034765j)
03_8,060,03,5,(0.0979210466301601-0.00221301121027404j)
03_8,050,03,5,(0.0978952248050648-0.00180586990942306j)
03_8,040,03,5,(0.0985371693823596-0.00173367810350706j)
03_8,030,03,5,(0.10064202837581-0.00204582384024197j)
03_8,020,03,5,(0.103746987524907-0.00327231864324296j)
03_8,010,03,5,(0.108636170840086-0.00649293063225529j)
03_9,100,03,5,(0.100224808212518-0.00244146705280674j)
03_9,090,03,5,(0.0987983577692709-0.00242256904952957j)
03_9,080,03,5,(0.0975575320300693-0.00234401819359014j)
03_9,070,03,5,(0.0969067645086184-0.00232719759763282j)
03_9,060,03,5,(0.0962763818569846-0.00224814189411626j)
03_9,050,03,5,(0.0966676185386202-0.00184779025504907j)
03_9,040,03,5,(0.098894178135289-0.00190836528208217j)
03_9,030,03,5,(0.100166639532977-0.00226814511086274j)
03_9,020,03,5,(0.102684957774334-0.00336243742083804j)
03_9,010,03,5,(0.107232529643789-0.00694306768295821j)
02_4,100,02,6,(0.105357940619112-0.00364623479484272j)
02_4,090,02,6,(0.100766723191934-0.00326550737918891j)
02_4,080,02,6,(0.099886816772209-0.00335169715857491j)
02_4,070,02,6,(0.0985126236428811-0.00330210578496732j)
02_4,060,02,6,(0.0983740791686442-0.00303279739331801j)
02_4,050,02,6,(0.0991059825973609-0.00285640590205091j)
02_4,040,02,6,(0.100184609261682-0.00293715162569551j)
02_4,030,02,6,(0.100473146344836-0.00311408591429479j)
02_4,020,02,6,(0.102727057640482-0.00400874608034914j)
02_4,010,02,6,(0.10633999930896-0.00665250338376018j)
02_5,100,02,6,(0.103878309714996-0.0039137668940087j)
02_5,090,02,6,(0.0999351202657489-0.00330691279999031j)
02_5,080,02,6,(0.0989965749245913-0.00329230536821531j)
02_5,070,02,6,(0.0983183266001653-0.00291722019760611j)
02_5,060,02,6,(0.0980596645068314-0.00316236397731775j)
02_5,050,02,6,(0.0985136686431016-0.0025591079425535j)
02_5,040,02,6,(0.100123673313654-0.00314435364664933j)
02_5,030,02,6,(0.10006246943684-0.00313554984481816j)
02_5,020,02,6,(0.10330324472547-0.00393285537343307j)
02_5,010,02,6,(0.105797307162667-0.00691139596399209j)
02_6,100,02,6,(0.103911287248553-0.00367437061733322j)
02_6,090,02,6,(0.100998615922411-0.00320288575632135j)
02_6,080,02,6,(0.100007520871656-0.00347561477098304j)
02_6,070,02,6,(0.0995479138997704-0.00341632039005598j)
02_6,060,02,6,(0.099073022967636-0.00281828489427895j)
02_6,050,02,6,(0.0995695781439865-0.00250851776695747j)
02_6,040,02,6,(0.100317268405707-0.0028780925148949j)
02_6,030,02,6,(0.102053397375666-0.00326372378171199j)
02_6,020,02,6,(0.103629570158541-0.00385848156389429j)
02_6,010,02,6,(0.107022903188785-0.00675681011324327j)
02_7,100,02,6,(0.102774678391456-0.00435129765632123j)
02_7,090,02,6,(0.0988266379309184-0.00352971074149039j)
02_7,080,02,6,(0.097665251169689-0.00312186693860664j)
02_7,070,02,6,(0.0968288228302505-0.00309673530993745j)
02_7,060,02,6,(0.0968001124330153-0.00287245125647757j)
02_7,050,02,6,(0.0973621243170859-0.00281718047462783j)
02_7,040,02,6,(0.0977435114980346-0.00244553761472913j)
02_7,030,02,6,(0.099111571419674-0.00283316307054942j)
02_7,020,02,6,(0.100018994801987-0.0038554926859738j)
02_7,010,02,6,(0.103264337759312-0.00662895534283372j)
02_8,100,02,6,(0.0993764172140076-0.00375959298605872j)
02_8,090,02,6,(0.0959840277338096-0.00313937726404952j)
02_8,080,02,6,(0.0955197813970783-0.00288184698609806j)
02_8,070,02,6,(0.0947176030127188-0.00310717959811798j)
02_8,060,02,6,(0.0948436571207874-0.00272012264588821j)
02_8,050,02,6,(0.0951442183942846-0.00269866259564409j)
02_8,040,02,6,(0.0959560935892436-0.00272602129912947j)
02_8,030,02,6,(0.0972684171914119-0.00294804782540574j)
02_8,020,02,6,(0.0982520631471084-0.00371180373279475j)
02_8,010,02,6,(0.101439181821543-0.0065480332276468j)
02_9,100,02,6,(0.0997607882227508-0.0036768671017161j)
02_9,090,02,6,(0.0968380234860716-0.00338677394717256j)
02_9,080,02,6,(0.0962271201686025-0.00302545167641537j)
02_9,070,02,6,(0.0959874702514672-0.00283483913302499j)
02_9,060,02,6,(0.0951801938392191-0.00259341854494651j)
02_9,050,02,6,(0.0963199398041232-0.00263354196498566j)
02_9,040,02,6,(0.0971058323874287-0.0026986976538247j)
02_9,030,02,6,(0.0979172268517179-0.00280040590895856j)
02_9,020,02,6,(0.0995757433283185-0.00365831460927142j)
02_9,010,02,6,(0.102481901596336-0.00635673320009483j)
03_4,100,03,6,(0.104109748875824-0.00402769157224539j)
03_4,090,03,6,(0.100305764902652-0.00345999992771612j)
03_4,080,03,6,(0.0986125457723589-0.00297255326331012j)
03_4,070,03,6,(0.097867635780877-0.00274033213851503j)
03_4,060,03,6,(0.0977202875428728-0.00277855013276144j)
03_4,050,03,6,(0.0978120211205178-0.00244568317189333j)
03_4,040,03,6,(0.0984047744634503-0.00253115547555665j)
03_4,030,03,6,(0.0992368161899495-0.00283675696835616j)
03_4,020,03,6,(0.100807962799878-0.00359293860908572j)
03_4,010,03,6,(0.103262662431675-0.00598943518372457j)
03_5,100,03,6,(0.100685817917549-0.00320133662840781j)
03_5,090,03,6,(0.0981381773473271-0.00288990268103184j)
03_5,080,03,6,(0.0968657616350747-0.00273843985717455j)
03_5,070,03,6,(0.0963223999301456-0.00282532934620631j)
03_5,060,03,6,(0.096208405026463-0.00254526931403731j)
03_5,050,03,6,(0.0965023953128142-0.00241348869693487j)
03_5,040,03,6,(0.0971907445240028-0.00230737192034334j)
03_5,030,03,6,(0.0980868495192851-0.0027167449336208j)
03_5,020,03,6,(0.0992617463940596-0.00362993208963306j)
03_5,010,03,6,(0.101554838611158-0.00601246627626349j)
03_6,100,03,6,(0.100942490312548-0.00300558540932315j)
03_6,090,03,6,(0.0984668197956499-0.00290744289828291j)
03_6,080,03,6,(0.0971117669882363-0.0028355265162777j)
03_6,070,03,6,(0.0964183790906263-0.00273082014208444j)
03_6,060,03,6,(0.0967610194866699-0.00249640461603123j)
03_6,050,03,6,(0.0963730886203027-0.00218922558600226j)
03_6,040,03,6,(0.0968264205446542-0.00200612164041613j)
03_6,030,03,6,(0.0975783279638517-0.00243470600637183j)
03_6,020,03,6,(0.0992296103539148-0.00328062977040573j)
03_6,010,03,6,(0.103706702407362-0.00675440587701367j)
03_7,100,03,6,(0.100559679643639-0.00324429294965648j)
03_7,090,03,6,(0.0983164305747289-0.00281926197960284j)
03_7,080,03,6,(0.0975239663822586-0.00259225954352974j)
03_7,070,03,6,(0.0972013048868606-0.00244920518398975j)
03_7,060,03,6,(0.0977486021563497-0.0025555040687113j)
03_7,050,03,6,(0.0977618838993719-0.0020838273063328j)
03_7,040,03,6,(0.0984944148386876-0.00238399302665735j)
03_7,030,03,6,(0.0993936114421114-0.0025597419092713j)
03_7,020,03,6,(0.101586367617794-0.0037587376330381j)
03_7,010,03,6,(0.104189278737338-0.00642811636264178j)
03_8,100,03,6,(0.0999474884692791-0.00326070619869205j)
03_8,090,03,6,(0.0985918961947534-0.0030684047548774j)
03_8,080,03,6,(0.0977348209647287-0.00274137433206802j)
03_8,070,03,6,(0.0972769016474381-0.00263610191826052j)
03_8,060,03,6,(0.0970387204650682-0.00248046529318457j)
03_8,050,03,6,(0.0972178893929429-0.00218531655008906j)
03_8,040,03,6,(0.0978098316476412-0.00219029963861217j)
03_8,030,03,6,(0.0996262950709824-0.00264637269789279j)
03_8,020,03,6,(0.102328656812912-0.00409542654458938j)
03_8,010,03,6,(0.105304070204662-0.00704883544597335j)
03_9,100,03,6,(0.099326585436274-0.00306963862282805j)
03_9,090,03,6,(0.0978993101936248-0.00290330909426868j)
03_9,080,03,6,(0.0966725342439996-0.00270619450056549j)
03_9,070,03,6,(0.0960657261986146-0.00256596033030136j)
03_9,060,03,6,(0.0955244987196016-0.0023947271424522j)
03_9,050,03,6,(0.0961508324850663-0.00236068260628822j)
03_9,040,03,6,(0.0982733786283705-0.00251408506622016j)
03_9,030,03,6,(0.0993251780090904-0.00292722682134017j)
03_9,020,03,6,(0.101200881879888-0.00431418391746895j)
03_9,010,03,6,(0.103797363814045-0.00734736831189693j)
02_4,100,02,7,(0.102248299964195-0.00623554170518036j)
02_4,090,02,7,(0.0985001614371062-0.00494884871378164j)
02_4,080,02,7,(0.097424068514277-0.00475332141327115j)
02_4,070,02,7,(0.0967000781006031-0.00440277514831163j)
02_4,060,02,7,(0.0961407529708941-0.00427712658930309j)
02_4,050,02,7,(0.0969088913464709-0.00424676432517032j)
02_4,040,02,7,(0.0977447574226046-0.0045198172359404j)
02_4,030,02,7,(0.0984495364069533-0.00474099312280505j)
02_4,020,02,7,(0.099835490817931-0.00582535570058381j)
02_4,010,02,7,(0.101732997797782-0.00752598165022858j)
02_5,100,02,7,(0.101043912065808-0.00598712434146063j)
02_5,090,02,7,(0.0976674179669692-0.00477562748507858j)
02_5,080,02,7,(0.0968076500974123-0.00466162768671149j)
02_5,070,02,7,(0.0962862864867407-0.00451716091894103j)
02_5,060,02,7,(0.0960471967825724-0.00434523905077465j)
02_5,050,02,7,(0.0967628853974795-0.00413201828716178j)
02_5,040,02,7,(0.0980216261860842-0.00449499800413779j)
02_5,030,02,7,(0.0978509165730911-0.00474522783240028j)
02_5,020,02,7,(0.0998609837225555-0.00589716861003683j)
02_5,010,02,7,(0.10102368321457-0.00733568566684366j)
02_6,100,02,7,(0.10130112724928-0.00541154726743975j)
02_6,090,02,7,(0.0985939035188855-0.00469149834042042j)
02_6,080,02,7,(0.0979139306035554-0.00451736022455513j)
02_6,070,02,7,(0.0975223579973559-0.00424698914855912j)
02_6,060,02,7,(0.0973589044782218-0.0041678266730015j)
02_6,050,02,7,(0.097999559156162-0.00430642064076998j)
02_6,040,02,7,(0.0982981996947953-0.00420264522130906j)
02_6,030,02,7,(0.099558959241888-0.00489583656128293j)
02_6,020,02,7,(0.100468470425178-0.00561887354176432j)
02_6,010,02,7,(0.102503745406145-0.0076534191497646j)
02_7,100,02,7,(0.100124167887919-0.00617625779860015j)
02_7,090,02,7,(0.0967882932331208-0.00471283217708648j)
02_7,080,02,7,(0.0959372321259631-0.00428150952389244j)
02_7,070,02,7,(0.0951838682834968-0.00436476486467416j)
02_7,060,02,7,(0.0950735378506357-0.00399110006852176j)
02_7,050,02,7,(0.0954998001031427-0.00401644275289057j)
02_7,040,02,7,(0.095903715599553-0.00389390414165448j)
02_7,030,02,7,(0.0968343860243014-0.00456132172688942j)
02_7,020,02,7,(0.097288772022089-0.00542579646505112j)
02_7,010,02,7,(0.0987598360779472-0.00716651323102523j)
02_8,100,02,7,(0.0968938600081838-0.00561021968838848j)
02_8,090,02,7,(0.0940160385359196-0.0042715126526434j)
02_8,080,02,7,(0.0935293814379118-0.00433636605407542j)
02_8,070,02,7,(0.0931077866168004-0.00406269046637768j)
02_8,060,02,7,(0.0931610990615079-0.0040019093243466j)
02_8,050,02,7,(0.0933750029841005-0.003893614547443j)
02_8,040,02,7,(0.0942946451727373-0.00415395285457937j)
02_8,030,02,7,(0.0952116251203826-0.00431716951809513j)
02_8,020,02,7,(0.0955608593999997-0.0050986076892131j)
02_8,010,02,7,(0.0969390967598888-0.00684058438406489j)
02_9,100,02,7,(0.0970502880526129-0.00542475176761598j)
02_9,090,02,7,(0.095149158156668-0.00465561431428328j)
02_9,080,02,7,(0.0941961284505768-0.00420953305730019j)
02_9,070,02,7,(0.0940464651276233-0.00400713007302551j)
02_9,060,02,7,(0.0936185218811636-0.00376346822944962j)
02_9,050,02,7,(0.094032910259404-0.00370039666865794j)
02_9,040,02,7,(0.0948940382286527-0.00411063951950442j)
02_9,030,02,7,(0.0958424656166602-0.00441387789688233j)
02_9,020,02,7,(0.0968649131734764-0.00509330462976091j)
02_9,010,02,7,(0.0980777059118823-0.00671219375612975j)
03_4,100,03,7,(0.101278259786667-0.00594589661460992j)
03_4,090,03,7,(0.098198115890178-0.00483369459409122j)
03_4,080,03,7,(0.0967874780494535-0.00429781343281064j)
03_4,070,03,7,(0.0960588990569982-0.00416479510763545j)
03_4,060,03,7,(0.0959861439025425-0.00384852853578567j)
03_4,050,03,7,(0.0961066974481241-0.00390212971318473j)
03_4,040,03,7,(0.0967914164577999-0.00391508594529777j)
03_4,030,03,7,(0.0973891440393582-0.004247827906813j)
03_4,020,03,7,(0.0982594098955093-0.00510570659919491j)
03_4,010,03,7,(0.0990522274136457-0.00648394446163008j)
03_5,100,03,7,(0.0983366732418445-0.00496439217542221j)
03_5,090,03,7,(0.0963346551115271-0.00439511860522639j)
03_5,080,03,7,(0.0951656304616472-0.00406739690155137j)
03_5,070,03,7,(0.0946143853657487-0.00398227227361209j)
03_5,060,03,7,(0.0944398999035294-0.00373265148982051j)
03_5,050,03,7,(0.0949905294387529-0.0036067850182378j)
03_5,040,03,7,(0.0955119773804142-0.00382657115226879j)
03_5,030,03,7,(0.0963350841034547-0.00404859227716401j)
03_5,020,03,7,(0.09666677282463-0.00501709925660017j)
03_5,010,03,7,(0.0975673267568747-0.00632578893947337j)
03_6,100,03,7,(0.0985061387892685-0.00481316932077815j)
03_6,090,03,7,(0.0966395036839047-0.00419435328321496j)
03_6,080,03,7,(0.0954395674322402-0.00392095265122399j)
03_6,070,03,7,(0.0949581677916938-0.00342983600433217j)
03_6,060,03,7,(0.0951393839140321-0.00357142368901636j)
03_6,050,03,7,(0.0952301140670187-0.00346544557274049j)
03_6,040,03,7,(0.0954439358173915-0.00333392930242519j)
03_6,030,03,7,(0.0958214905909582-0.00360272105414911j)
03_6,020,03,7,(0.096859551413587-0.00455346880459586j)
03_6,010,03,7,(0.0993439027535515-0.00663935812200481j)
03_7,100,03,7,(0.0984003218816066-0.0050682827450159j)
03_7,090,03,7,(0.0965772277464688-0.00395254229028652j)
03_7,080,03,7,(0.0957441438365835-0.00377483359322328j)
03_7,070,03,7,(0.0954517687169537-0.00365669369419392j)
03_7,060,03,7,(0.0958731975574516-0.00360578220089882j)
03_7,050,03,7,(0.0962207132988979-0.00350389399702249j)
03_7,040,03,7,(0.0967226698079618-0.0034640683687478j)
03_7,030,03,7,(0.0977803292511578-0.00401338935104241j)
03_7,020,03,7,(0.0987238168352024-0.00493570626996847j)
03_7,010,03,7,(0.0998690475587938-0.00633569107160313j)
03_8,100,03,7,(0.0975630799034487-0.00484986677212158j)
03_8,090,03,7,(0.0965386272161703-0.00423477297608518j)
03_8,080,03,7,(0.0959404306877449-0.00393929181566778j)
03_8,070,03,7,(0.0956431150336162-0.00365141274722306j)
03_8,060,03,7,(0.0955021962486952-0.0034157193667579j)
03_8,050,03,7,(0.0958627826501983-0.00324203431309078j)
03_8,040,03,7,(0.0963457734319297-0.00345925891479109j)
03_8,030,03,7,(0.0977358931401432-0.00409600305260843j)
03_8,020,03,7,(0.0993531299096523-0.00525598795486182j)
03_8,010,03,7,(0.10077210527292-0.00666755551107688j)
03_9,100,03,7,(0.0970779096184354-0.00450210698494761j)
03_9,090,03,7,(0.09590891519712-0.00410567247881999j)
03_9,080,03,7,(0.0948261906410406-0.00373152139998066j)
03_9,070,03,7,(0.0944428579145807-0.00359250299582879j)
03_9,060,03,7,(0.0939391244577089-0.00330748956353016j)
03_9,050,03,7,(0.0944958811698827-0.00322782982212297j)
03_9,040,03,7,(0.0964483134192554-0.00368826716326556j)
03_9,030,03,7,(0.0970755556813095-0.00434394659309033j)
03_9,020,03,7,(0.0979425681256583-0.00528869334898296j)
03_9,010,03,7,(0.0991019654437175-0.00668596661397241j)
02_4,100,02,8,(0.0983665522282141-0.00785731548293681j)
02_4,090,02,8,(0.0956782950287947-0.0063469780389257j)
02_4,080,02,8,(0.0946893139743522-0.00598628028186965j)
02_4,070,02,8,(0.0943410040583493-0.00573974160631708j)
02_4,060,02,8,(0.0937760580845531-0.00547833090033738j)
02_4,050,02,8,(0.0945557795287694-0.0055933472465138j)
02_4,040,02,8,(0.0954112404590028-0.00596503333792393j)
02_4,030,02,8,(0.0956117028141007-0.00600589922117079j)
02_4,020,02,8,(0.0966538187081467-0.00660961153585631j)
02_4,010,02,8,(0.0978360332118055-0.00770995094156447j)
02_5,100,02,8,(0.0977848243082722-0.00751360095020153j)
02_5,090,02,8,(0.0949324622090351-0.00620362534336834j)
02_5,080,02,8,(0.0941321823128964-0.00575903204119037j)
02_5,070,02,8,(0.0939318206034879-0.00542275307400641j)
02_5,060,02,8,(0.0938803016596316-0.00535966201440732j)
02_5,050,02,8,(0.0944923041646491-0.00542685530567166j)
02_5,040,02,8,(0.095347653106209-0.00588112374769088j)
02_5,030,02,8,(0.0954236524243947-0.00602536552928901j)
02_5,020,02,8,(0.0965953652244148-0.00674356830682412j)
02_5,010,02,8,(0.097323189031302-0.00746892500730673j)
02_6,100,02,8,(0.0980766730664421-0.00687157568979733j)
02_6,090,02,8,(0.0965791515926805-0.00590287171257759j)
02_6,080,02,8,(0.0955488639622395-0.00566713528297292j)
02_6,070,02,8,(0.0952634212400723-0.00527379551772588j)
02_6,060,02,8,(0.0949436457005403-0.00532574052985324j)
02_6,050,02,8,(0.095600579479357-0.00529990559336032j)
02_6,040,02,8,(0.0959910748255414-0.00538291084121235j)
02_6,030,02,8,(0.0968324919857299-0.00599339007250402j)
02_6,020,02,8,(0.0973214684214297-0.00631094824671127j)
02_6,010,02,8,(0.0987489883913156-0.0074327809979468j)
02_7,100,02,8,(0.0966119312892513-0.0073886623775012j)
02_7,090,02,8,(0.0942513306431626-0.00584084410409579j)
02_7,080,02,8,(0.0933015392734207-0.00558831938335586j)
02_7,070,02,8,(0.0928824286621908-0.00522993546604552j)
02_7,060,02,8,(0.0927891521718513-0.00494886306187529j)
02_7,050,02,8,(0.0932862314842456-0.00497653909020169j)
02_7,040,02,8,(0.0936907140446361-0.00507860245025529j)
02_7,030,02,8,(0.0944320797614484-0.00554130794250854j)
02_7,020,02,8,(0.0943097225888342-0.00614813528161101j)
02_7,010,02,8,(0.0953318304019681-0.00693617190315137j)
02_8,100,02,8,(0.0938633636998447-0.00654296790997006j)
02_8,090,02,8,(0.0917012239114109-0.0054764955361819j)
02_8,080,02,8,(0.0913788619211271-0.005222988952906j)
02_8,070,02,8,(0.0908930424690544-0.00489490142255019j)
02_8,060,02,8,(0.0910695931292932-0.00500689472070349j)
02_8,050,02,8,(0.0912707485348039-0.0049140038850212j)
02_8,040,02,8,(0.0918855040537641-0.00508985336310964j)
02_8,030,02,8,(0.0925495709706852-0.00556774955151677j)
02_8,020,02,8,(0.0929992933177368-0.005666705098149j)
02_8,010,02,8,(0.0938597521362087-0.00667092979470365j)
02_9,100,02,8,(0.0940291116393833-0.00700392383523247j)
02_9,090,02,8,(0.092583044105104-0.00550655926213958j)
02_9,080,02,8,(0.092008770173348-0.00519434310463858j)
02_9,070,02,8,(0.0918931876620236-0.00501565565734465j)
02_9,060,02,8,(0.0916673585124575-0.00470665823956304j)
02_9,050,02,8,(0.0922826567847257-0.00455747013988417j)
02_9,040,02,8,(0.0928947465694011-0.00487094536338014j)
02_9,030,02,8,(0.0936107459681125-0.00532007943565564j)
02_9,020,02,8,(0.094100386677596-0.00554236524840647j)
02_9,010,02,8,(0.0950433583630818-0.00649041572901755j)
03_4,100,03,8,(0.0978790051923429-0.00730739662615936j)
03_4,090,03,8,(0.095436171602198-0.00614477267617594j)
03_4,080,03,8,(0.0944856622627841-0.00539997200959526j)
03_4,070,03,8,(0.0938743466275719-0.0051122026987243j)
03_4,060,03,8,(0.0938095292044521-0.00508387990627571j)
03_4,050,03,8,(0.094010705767676-0.00501346823928135j)
03_4,040,03,8,(0.0944695054922443-0.00513194419625244j)
03_4,030,03,8,(0.0949122596561827-0.00546401401397185j)
03_4,020,03,8,(0.0954184958885793-0.00579147438955665j)
03_4,010,03,8,(0.0959113503358542-0.00641345476819591j)
03_5,100,03,8,(0.0955567390524788-0.00623562535840953j)
03_5,090,03,8,(0.0940032753630874-0.00549995435639579j)
03_5,080,03,8,(0.0930246995424667-0.00513193912079758j)
03_5,070,03,8,(0.0925686172313421-0.00484302709137548j)
03_5,060,03,8,(0.0925608301936256-0.00471810043672147j)
03_5,050,03,8,(0.0928667929446542-0.00468735994181185j)
03_5,040,03,8,(0.0933198489485493-0.0049337195061628j)
03_5,030,03,8,(0.0938234518239057-0.00515921995712742j)
03_5,020,03,8,(0.0940327440103429-0.00559055806758001j)
03_5,010,03,8,(0.0946103315863955-0.00611678908236562j)
03_6,100,03,8,(0.0959053844409331-0.00591660703049037j)
03_6,090,03,8,(0.0942568292270789-0.00531130562021678j)
03_6,080,03,8,(0.0934661589094333-0.00484837633164561j)
03_6,070,03,8,(0.093021591402968-0.00456278964715545j)
03_6,060,03,8,(0.0933398560748594-0.00450036500712365j)
03_6,050,03,8,(0.0932554982723777-0.00433366077474391j)
03_6,040,03,8,(0.0937224632524378-0.00451853979458182j)
03_6,030,03,8,(0.0939374274608038-0.00459758673094558j)
03_6,020,03,8,(0.0946015460276549-0.00498212344619746j)
03_6,010,03,8,(0.0963823708080947-0.00650748066999052j)
03_7,100,03,8,(0.0954435460229079-0.00593823878402179j)
03_7,090,03,8,(0.0944223116160541-0.00513285228853206j)
03_7,080,03,8,(0.0936733103850031-0.00470925959710045j)
03_7,070,03,8,(0.0936764457907953-0.00461488011640166j)
03_7,060,03,8,(0.0938575210035138-0.00450451980990619j)
03_7,050,03,8,(0.0943658226537583-0.00456431234070385j)
03_7,040,03,8,(0.0948150675250967-0.00456668030419258j)
03_7,030,03,8,(0.0954762307625977-0.00498271877676105j)
03_7,020,03,8,(0.0961047096508984-0.0053573799579989j)
03_7,010,03,8,(0.0968994005114189-0.00599744107858881j)
03_8,100,03,8,(0.0948818036066563-0.00576673463194267j)
03_8,090,03,8,(0.0942012772281472-0.00522513985821454j)
03_8,080,03,8,(0.0939142839366798-0.00482321437026092j)
03_8,070,03,8,(0.0936529170439529-0.00450119718447182j)
03_8,060,03,8,(0.0937272518377557-0.0043541725571037j)
03_8,050,03,8,(0.0940191425899089-0.00426078221927891j)
03_8,040,03,8,(0.0945190173120568-0.00428690725057076j)
03_8,030,03,8,(0.0956637524039742-0.00487005607274871j)
03_8,020,03,8,(0.0965957710010441-0.00567891625216245j)
03_8,010,03,8,(0.0979687498070317-0.00631037200406532j)
03_9,100,03,8,(0.0944964344524807-0.00540330952764845j)
03_9,090,03,8,(0.0937281506142349-0.00496254140226089j)
03_9,080,03,8,(0.092872810446001-0.00468274296495404j)
03_9,070,03,8,(0.0924688691326215-0.00429755942609703j)
03_9,060,03,8,(0.0922323755950917-0.0042299916342532j)
03_9,050,03,8,(0.0928334868935865-0.00419164103347961j)
03_9,040,03,8,(0.094214829959835-0.00489719748574156j)
03_9,030,03,8,(0.0946894735991955-0.00508274074594092j)
03_9,020,03,8,(0.095426583629781-0.00560334339087599j)
03_9,010,03,8,(0.0961175732343047-0.00633761335411946j)
02_4,100,02,9,(0.0944700820034164-0.00830878218258519j)
02_4,090,02,9,(0.0924171233820494-0.0071135886389442j)
02_4,080,02,9,(0.0917081498794711-0.00671911498795007j)
02_4,070,02,9,(0.0913689829237853-0.00634903287461384j)
02_4,060,02,9,(0.0910287406781398-0.00607656769298951j)
02_4,050,02,9,(0.0914476706163286-0.00625893070595118j)
02_4,040,02,9,(0.092197793644922-0.006489986500062j)
02_4,030,02,9,(0.0924119841892857-0.00655324918630441j)
02_4,020,02,9,(0.0932995298346081-0.00688437041089196j)
02_4,010,02,9,(0.0944920529270691-0.00735629013839105j)
02_5,100,02,9,(0.0937836100680164-0.00794312081304513j)
02_5,090,02,9,(0.0916151794095678-0.00691053591208218j)
02_5,080,02,9,(0.0911085077139386-0.00636541338869376j)
02_5,070,02,9,(0.0909766442631579-0.00630463055643944j)
02_5,060,02,9,(0.0909671113107273-0.00602360725449737j)
02_5,050,02,9,(0.0915799310578302-0.00600230424274715j)
02_5,040,02,9,(0.0922030330910166-0.00653631876993855j)
02_5,030,02,9,(0.0924061277175631-0.00658098062382501j)
02_5,020,02,9,(0.0931896578371197-0.00700861689498943j)
02_5,010,02,9,(0.0939592268548945-0.0071822221027042j)
02_6,100,02,9,(0.0945497938887773-0.00741776316994954j)
02_6,090,02,9,(0.0931807976175907-0.00641086239378671j)
02_6,080,02,9,(0.0925886796916463-0.00618963447245542j)
02_6,070,02,9,(0.0923717221821346-0.00602894379041826j)
02_6,060,02,9,(0.0923432985015102-0.0057711386555845j)
02_6,050,02,9,(0.0927918957548159-0.00612622684056228j)
02_6,040,02,9,(0.0931079992267776-0.0059841862285635j)
02_6,030,02,9,(0.0937597289658632-0.00654824144102686j)
02_6,020,02,9,(0.0940130023217998-0.0066507391052433j)
02_6,010,02,9,(0.0954190510861984-0.00710213744004396j)
02_7,100,02,9,(0.0929578390624548-0.0077723602966567j)
02_7,090,02,9,(0.0910209432721127-0.00636000218357561j)
02_7,080,02,9,(0.0906074587170691-0.00621977901146656j)
02_7,070,02,9,(0.0901925165237605-0.00572208177910418j)
02_7,060,02,9,(0.0903236224540364-0.00561869725113354j)
02_7,050,02,9,(0.0906727000823463-0.00564138652128304j)
02_7,040,02,9,(0.0910197256633368-0.0058757618126116j)
02_7,030,02,9,(0.0915101082121273-0.00590117489432733j)
02_7,020,02,9,(0.0912935100459395-0.00634108497780608j)
02_7,010,02,9,(0.0921814151315985-0.00661905850743773j)
02_8,100,02,9,(0.0903575834104227-0.007113452604537j)
02_8,090,02,9,(0.088947746406311-0.00589981468313282j)
02_8,080,02,9,(0.0886519056767902-0.00586695120956277j)
02_8,070,02,9,(0.0883077600826722-0.00553979009693077j)
02_8,060,02,9,(0.0884817491128049-0.0054398367203645j)
02_8,050,02,9,(0.0888195940175269-0.00544171784301327j)
02_8,040,02,9,(0.0892694923359872-0.00561152605765628j)
02_8,030,02,9,(0.0896361402129707-0.00593716682843354j)
02_8,020,02,9,(0.0899497350022225-0.00598938914704283j)
02_8,010,02,9,(0.0910333617707717-0.00640139694487236j)
02_9,100,02,9,(0.0907684752058653-0.00716318893498779j)
02_9,090,02,9,(0.0896207784461721-0.00607186301082226j)
02_9,080,02,9,(0.0895254229825943-0.00571057090940901j)
02_9,070,02,9,(0.0894489390515132-0.00564825347089385j)
02_9,060,02,9,(0.0891534438227314-0.00541196268563316j)
02_9,050,02,9,(0.0897301790669662-0.00528824664251212j)
02_9,040,02,9,(0.0901856608255075-0.00549735397671627j)
02_9,030,02,9,(0.0906208450659313-0.00572981185373401j)
02_9,020,02,9,(0.0911278159534329-0.00578813420155538j)
02_9,010,02,9,(0.0924349652266903-0.00628707685528831j)
03_4,100,03,9,(0.0941479104740032-0.00762495430774657j)
03_4,090,03,9,(0.0923355588682134-0.00660261567092944j)
03_4,080,03,9,(0.091562887071513-0.00605187429250962j)
03_4,070,03,9,(0.0911144536664967-0.00593087905079548j)
03_4,060,03,9,(0.0912843811733546-0.0056130633439163j)
03_4,050,03,9,(0.091337840431215-0.00574850104277859j)
03_4,040,03,9,(0.0918036109715995-0.00589803059863341j)
03_4,030,03,9,(0.0920910177839312-0.00592080120004418j)
03_4,020,03,9,(0.0925677472100612-0.00608425866252713j)
03_4,010,03,9,(0.0930409948635853-0.00632417346071334j)
03_5,100,03,9,(0.0923110481439274-0.00675980067373451j)
03_5,090,03,9,(0.09120562933635-0.00608384807607764j)
03_5,080,03,9,(0.0903677160303339-0.00566182061039602j)
03_5,070,03,9,(0.0898935879134801-0.00550276060236031j)
03_5,060,03,9,(0.0898866434558123-0.00546672107865753j)
03_5,050,03,9,(0.0902207382287416-0.00539332977187949j)
03_5,040,03,9,(0.090830558220952-0.00547661095674985j)
03_5,030,03,9,(0.0911220768818773-0.00556075455751485j)
03_5,020,03,9,(0.0912169831880307-0.0056268050907743j)
03_5,010,03,9,(0.091944548530943-0.00602558173911166j)
03_6,100,03,9,(0.0928377096618205-0.00621796683685022j)
03_6,090,03,9,(0.0916696814367206-0.00585227037765376j)
03_6,080,03,9,(0.0909794927373202-0.00544961282883238j)
03_6,070,03,9,(0.0905594872189548-0.00509721480451823j)
03_6,060,03,9,(0.091018195985582-0.00495544659593808j)
03_6,050,03,9,(0.0909780250371781-0.00496365241829051j)
03_6,040,03,9,(0.0912432011095747-0.00513558069981837j)
03_6,030,03,9,(0.0915288146287392-0.00516989116921354j)
03_6,020,03,9,(0.0918702539676886-0.0053279508793253j)
03_6,010,03,9,(0.0936484069633994-0.00624287315249254j)
03_7,100,03,9,(0.0924682080152424-0.00628942098176977j)
03_7,090,03,9,(0.091806705012834-0.00559611813550589j)
03_7,080,03,9,(0.091236525521743-0.00525104610359247j)
03_7,070,03,9,(0.0912708765289185-0.00515574504684283j)
03_7,060,03,9,(0.0915238454462188-0.00518592743787512j)
03_7,050,03,9,(0.0918652000903462-0.0050323435197657j)
03_7,040,03,9,(0.0922763242279548-0.00513469613601209j)
03_7,030,03,9,(0.0929456513896651-0.00540129239611127j)
03_7,020,03,9,(0.093552221399348-0.00543039931851257j)
03_7,010,03,9,(0.0945637068548081-0.00580523910334839j)
03_8,100,03,9,(0.0919238593919219-0.00603815475430717j)
03_8,090,03,9,(0.0915429787353255-0.005678559860205j)
03_8,080,03,9,(0.0913996883466148-0.00519202164217572j)
03_8,070,03,9,(0.091512214585903-0.00496683667316241j)
03_8,060,03,9,(0.0914110375187625-0.00491492324566503j)
03_8,050,03,9,(0.0918015241614943-0.00483310189535329j)
03_8,040,03,9,(0.0921746625203018-0.00487664560772676j)
03_8,030,03,9,(0.0931150440321002-0.00523132777274888j)
03_8,020,03,9,(0.0941013232937078-0.00575202446096315j)
03_8,010,03,9,(0.0952716974630965-0.00613252097221903j)
03_9,100,03,9,(0.0918196885981835-0.00567046895247239j)
03_9,090,03,9,(0.0910571175132589-0.00537319633448386j)
03_9,080,03,9,(0.0905560592613392-0.00508104032597523j)
03_9,070,03,9,(0.0903702482874492-0.00481251676090796j)
03_9,060,03,9,(0.0899721704293686-0.00468493380546625j)
03_9,050,03,9,(0.0904792073557654-0.00475433017928805j)
03_9,040,03,9,(0.0916219812901788-0.00529242934991144j)
03_9,030,03,9,(0.0921760642021449-0.00542190779210368j)
03_9,020,03,9,(0.0926480209135447-0.00559667474077907j)
03_9,010,03,9,(0.0936047491991864-0.00608883350472345j)
02_4,100,02,10,(0.0890971978401438-0.00780452830976973j)
02_4,090,02,10,(0.0876663665257522-0.00695453409645662j)
02_4,080,02,10,(0.0871285471243701-0.00665746861978413j)
02_4,070,02,10,(0.0869360069791941-0.00638591617327275j)
02_4,060,02,10,(0.0869781741592586-0.00619153449583432j)
02_4,050,02,10,(0.0872905200452703-0.00642956090971304j)
02_4,040,02,10,(0.0877581064081853-0.00650373427968j)
02_4,030,02,10,(0.0881227706187273-0.00648492267814507j)
02_4,020,02,10,(0.0887996165740257-0.00649604904244306j)
02_4,010,02,10,(0.0901188022703378-0.00674850478170931j)
02_5,100,02,10,(0.088512525197086-0.00762566160633032j)
02_5,090,02,10,(0.0872272565934359-0.00673085898330718j)
02_5,080,02,10,(0.0868141139280313-0.00643209645352249j)
02_5,070,02,10,(0.086939623025693-0.00633577707664158j)
02_5,060,02,10,(0.0869645155433804-0.00612427748599666j)
02_5,050,02,10,(0.087493390673529-0.00634093874071773j)
02_5,040,02,10,(0.0879016136371336-0.0064390896655237j)
02_5,030,02,10,(0.0880980211565957-0.00641884743100319j)
02_5,020,02,10,(0.0890903631878347-0.00658258034765491j)
02_5,010,02,10,(0.0898042017027526-0.0066847381438836j)
02_6,100,02,10,(0.0896339558967695-0.00712397317292423j)
02_6,090,02,10,(0.0889757707185187-0.00655783453072161j)
02_6,080,02,10,(0.0886148647331801-0.00636031031395156j)
02_6,070,02,10,(0.088268981876448-0.0060871780899913j)
02_6,060,02,10,(0.0884052537956583-0.00609223957569391j)
02_6,050,02,10,(0.0886621628630566-0.00610715564946049j)
02_6,040,02,10,(0.0891361067009835-0.00618810887069824j)
02_6,030,02,10,(0.0894522739278807-0.00637716350225252j)
02_6,020,02,10,(0.0900560983903892-0.00640281202570783j)
02_6,010,02,10,(0.0912486706948008-0.00676592569455267j)
02_7,100,02,10,(0.0878297356947286-0.00729470783169678j)
02_7,090,02,10,(0.0868090061583492-0.00638199720939443j)
02_7,080,02,10,(0.08660344037086-0.00607331397621103j)
02_7,070,02,10,(0.0863988289728355-0.00585067867074665j)
02_7,060,02,10,(0.0863459204290336-0.00567601397956843j)
02_7,050,02,10,(0.086758974637431-0.00585880951001565j)
02_7,040,02,10,(0.0869531987829367-0.00592113128267729j)
02_7,030,02,10,(0.0874945170962436-0.0060311643447445j)
02_7,020,02,10,(0.0873634214561676-0.00612870806781319j)
02_7,010,02,10,(0.0882466978227356-0.0062515040806916j)
02_8,100,02,10,(0.0859935236989629-0.00684305820891784j)
02_8,090,02,10,(0.0850012740452104-0.00600937810502607j)
02_8,080,02,10,(0.0847563593480375-0.00586791861543119j)
02_8,070,02,10,(0.0846069983905546-0.0056642379047469j)
02_8,060,02,10,(0.0846772409496936-0.00563699016460899j)
02_8,050,02,10,(0.0852175239198943-0.00554153320317061j)
02_8,040,02,10,(0.0854970553729125-0.00573992560334057j)
02_8,030,02,10,(0.0859844386950823-0.00569133204123528j)
02_8,020,02,10,(0.0862301819909377-0.00565658380925513j)
02_8,010,02,10,(0.0871198538825144-0.00586559090536224j)
02_9,100,02,10,(0.0861986455430775-0.00661078495499422j)
02_9,090,02,10,(0.0856653994212576-0.00607077609089213j)
02_9,080,02,10,(0.0855133207130155-0.00564345239737354j)
02_9,070,02,10,(0.0855270158971388-0.00563036114717266j)
02_9,060,02,10,(0.0855643695242835-0.00543479600116509j)
02_9,050,02,10,(0.0862205730395033-0.00553379513305414j)
02_9,040,02,10,(0.0867017740064821-0.00558333539971746j)
02_9,030,02,10,(0.0870667224424212-0.00563274789117229j)
02_9,020,02,10,(0.087649753784355-0.00577232159457908j)
02_9,010,02,10,(0.0886185605300981-0.00596001493295103j)
03_4,100,03,10,(0.0892570812608821-0.007242636945042j)
03_4,090,03,10,(0.0878813251276664-0.00661226197701581j)
03_4,080,03,10,(0.0874365143062328-0.0061589941473733j)
03_4,070,03,10,(0.0873062927354939-0.00593996184491135j)
03_4,060,03,10,(0.0873927411547393-0.00584392049778957j)
03_4,050,03,10,(0.0874661213684883-0.00581061586585374j)
03_4,040,03,10,(0.0878276759198603-0.00585072650627939j)
03_4,030,03,10,(0.0880751041333306-0.00589152285909511j)
03_4,020,03,10,(0.0886967874539969-0.00591866012557326j)
03_4,010,03,10,(0.0893269573243648-0.00605081827851403j)
03_5,100,03,10,(0.0879950196097155-0.00655607378986691j)
03_5,090,03,10,(0.0870525924944081-0.00605703827529841j)
03_5,080,03,10,(0.0865186807271819-0.00584908931095713j)
03_5,070,03,10,(0.0861958105887767-0.00557536734061899j)
03_5,060,03,10,(0.0863249333790622-0.00550499025957272j)
03_5,050,03,10,(0.0866798232760151-0.00542649211832645j)
03_5,040,03,10,(0.0872093140062404-0.0056153727008143j)
03_5,030,03,10,(0.0874494499127476-0.00558379387543363j)
03_5,020,03,10,(0.087682827065403-0.00568320830067957j)
03_5,010,03,10,(0.0884086410307731-0.00574847988732571j)
03_6,100,03,10,(0.088706360805275-0.00627164876816294j)
03_6,090,03,10,(0.0878414988335308-0.00579920248297353j)
03_6,080,03,10,(0.0873045455996822-0.00552409951647651j)
03_6,070,03,10,(0.0872509185989624-0.00541310452588318j)
03_6,060,03,10,(0.0875771755456732-0.00526531900446107j)
03_6,050,03,10,(0.087607885598657-0.00517001043788491j)
03_6,040,03,10,(0.0877109484073879-0.00524784661666012j)
03_6,030,03,10,(0.088005533187928-0.00529837791144165j)
03_6,020,03,10,(0.0885571491627054-0.00529672589701722j)
03_6,010,03,10,(0.0899905785905552-0.00584516929953544j)
03_7,100,03,10,(0.0883874961698453-0.00610063625975797j)
03_7,090,03,10,(0.0879723640487589-0.00558534488965847j)
03_7,080,03,10,(0.0876710605915458-0.00551490988333647j)
03_7,070,03,10,(0.0878088593112197-0.00520502404246235j)
03_7,060,03,10,(0.0881205397727353-0.00521980259676778j)
03_7,050,03,10,(0.0884734605759-0.00521050785494812j)
03_7,040,03,10,(0.0889495377978224-0.00533607813397638j)
03_7,030,03,10,(0.0893444461071026-0.00541192329381805j)
03_7,020,03,10,(0.0900932285929775-0.00549965658946362j)
03_7,010,03,10,(0.0912512581869164-0.0055048734981226j)
03_8,100,03,10,(0.0880955111457713-0.00590715533650804j)
03_8,090,03,10,(0.0877572423761254-0.00562981164563464j)
03_8,080,03,10,(0.0879551288978419-0.00530117495120728j)
03_8,070,03,10,(0.0879915068575105-0.00508846238201416j)
03_8,060,03,10,(0.0881143689110015-0.00499023944501702j)
03_8,050,03,10,(0.0884827549299234-0.00495076288651112j)
03_8,040,03,10,(0.0890074899733922-0.00505209854939645j)
03_8,030,03,10,(0.0897477756492831-0.00527969065337579j)
03_8,020,03,10,(0.0904815102463819-0.00548708490373487j)
03_8,010,03,10,(0.0915917626773754-0.00577020569379478j)
03_9,100,03,10,(0.0880993922928302-0.00577016790081618j)
03_9,090,03,10,(0.0876208460407622-0.005429125911505j)
03_9,080,03,10,(0.0872461055252082-0.00508632636297179j)
03_9,070,03,10,(0.0869557935835717-0.0049045538354291j)
03_9,060,03,10,(0.0869545897211231-0.00482504555425339j)
03_9,050,03,10,(0.0873334322013383-0.00493296955530436j)
03_9,040,03,10,(0.088345721467183-0.00527631837354139j)
03_9,030,03,10,(0.0887735370023627-0.00539956288887927j)
03_9,020,03,10,(0.0892831406141747-0.00545882969726792j)
03_9,010,03,10,(0.0902626647895337-0.00565104394105441j)
02_4,100,02,11,(0.0854507705418686-0.00698161952950221j)
02_4,090,02,11,(0.0845938542448658-0.00623878177632543j)
02_4,080,02,11,(0.0841116219485909-0.00592196694141781j)
02_4,070,02,11,(0.0839718723844431-0.00584227851310951j)
02_4,060,02,11,(0.0838768728810607-0.00568651972635458j)
02_4,050,02,11,(0.0842129413634608-0.00577744381162706j)
02_4,040,02,11,(0.0849276106214851-0.00583491583561j)
02_4,030,02,11,(0.0850246855092464-0.00586155249944033j)
02_4,020,02,11,(0.0860165457458269-0.00587202098153549j)
02_4,010,02,11,(0.086891296623192-0.00616497413522746j)
02_5,100,02,11,(0.0850683210767468-0.00683704375326171j)
02_5,090,02,11,(0.0839340622300014-0.00612605858911717j)
02_5,080,02,11,(0.0837870539372263-0.00597686906889799j)
02_5,070,02,11,(0.0839305579088682-0.00572087342545586j)
02_5,060,02,11,(0.0841404714146454-0.00573856202677482j)
02_5,050,02,11,(0.084585097202666-0.00573126302861646j)
02_5,040,02,11,(0.0849385987612856-0.0058653074948655j)
02_5,030,02,11,(0.0851858440537408-0.00575340562453704j)
02_5,020,02,11,(0.0859130617068468-0.00590149205317315j)
02_5,010,02,11,(0.0867365836502121-0.00591950264977157j)
02_6,100,02,11,(0.0863354159808335-0.00660392186234624j)
02_6,090,02,11,(0.085890694423648-0.00611601123914324j)
02_6,080,02,11,(0.0855154778602541-0.0056173420461462j)
02_6,070,02,11,(0.085345723179657-0.00564244860099594j)
02_6,060,02,11,(0.0855901736395675-0.00554804433405306j)
02_6,050,02,11,(0.0858549474441943-0.00567815798941988j)
02_6,040,02,11,(0.0861683610109698-0.00563749398628845j)
02_6,030,02,11,(0.0866359281156279-0.00586090226328615j)
02_6,020,02,11,(0.0871143923565011-0.00582712696111088j)
02_6,010,02,11,(0.0882188819062852-0.00602196063469954j)
02_7,100,02,11,(0.0845600213937922-0.00650292308993374j)
02_7,090,02,11,(0.0840846972222189-0.00592319460676658j)
02_7,080,02,11,(0.0836553073376546-0.00563541108259858j)
02_7,070,02,11,(0.0834342161033233-0.00545915576251006j)
02_7,060,02,11,(0.0836514971846055-0.00546509707241581j)
02_7,050,02,11,(0.0839603384521176-0.00526644019815696j)
02_7,040,02,11,(0.0842421870654101-0.00542025167157559j)
02_7,030,02,11,(0.0847019196947449-0.00560713600110274j)
02_7,020,02,11,(0.0846768857963217-0.00544972252605018j)
02_7,010,02,11,(0.0854194131965275-0.00576819152689843j)
02_8,100,02,11,(0.0827070627577296-0.00634661637294434j)
02_8,090,02,11,(0.0822597448256388-0.00564725748198857j)
02_8,080,02,11,(0.0820762437837313-0.00540333889040434j)
02_8,070,02,11,(0.0818457306740528-0.00511710319366231j)
02_8,060,02,11,(0.0820876870127679-0.00525420042783967j)
02_8,050,02,11,(0.0823373040623075-0.00515122838535162j)
02_8,040,02,11,(0.0828060344208203-0.00533665424043961j)
02_8,030,02,11,(0.0831582728149637-0.00536849952250071j)
02_8,020,02,11,(0.0836310795108641-0.00539416487628968j)
02_8,010,02,11,(0.084622237313432-0.0055601770953146j)
02_9,100,02,11,(0.0831446737742115-0.00612451595346133j)
02_9,090,02,11,(0.0829881609317813-0.00552681658000565j)
02_9,080,02,11,(0.0828016580411442-0.00529705115035733j)
02_9,070,02,11,(0.0829692929745056-0.00527657700789014j)
02_9,060,02,11,(0.0831721060750862-0.00516579400772522j)
02_9,050,02,11,(0.0835200890179979-0.00505072671516573j)
02_9,040,02,11,(0.0841744472000006-0.00519420886246683j)
02_9,030,02,11,(0.084500095042938-0.00530609684018119j)
02_9,020,02,11,(0.0850295850926851-0.00535121238996476j)
02_9,010,02,11,(0.0858384141489632-0.00548599512708991j)
03_4,100,03,11,(0.0860723442483764-0.0065308704801019j)
03_4,090,03,11,(0.0849259578795996-0.0059383463309026j)
03_4,080,03,11,(0.0845610763318474-0.00564161686568826j)
03_4,070,03,11,(0.0842889902518582-0.00552071216329975j)
03_4,060,03,11,(0.0845362916920029-0.00532433335511073j)
03_4,050,03,11,(0.0846663435073813-0.00533077768872704j)
03_4,040,03,11,(0.0850821539895737-0.00549935795380476j)
03_4,030,03,11,(0.0853442941922769-0.00537468252014192j)
03_4,020,03,11,(0.0858567933907494-0.00544730020592143j)
03_4,010,03,11,(0.0864824603869994-0.00550065056813792j)
03_5,100,03,11,(0.0849453471398484-0.00603703273065753j)
03_5,090,03,11,(0.0842418920593062-0.00570151920517539j)
03_5,080,03,11,(0.0837388606547614-0.00530242102602438j)
03_5,070,03,11,(0.0835406258778963-0.00520962760316161j)
03_5,060,03,11,(0.0837094019224687-0.00524287250902649j)
03_5,050,03,11,(0.083997929664825-0.0052220327144501j)
03_5,040,03,11,(0.084466928883039-0.00512967931658074j)
03_5,030,03,11,(0.0848101703002572-0.00516672772741986j)
03_5,020,03,11,(0.0851247629040039-0.0050916956187207j)
03_5,010,03,11,(0.0856862527202674-0.00531879289169j)
03_6,100,03,11,(0.0857112783719566-0.00589243693452083j)
03_6,090,03,11,(0.0851497492838502-0.00535808956684886j)
03_6,080,03,11,(0.0847217141430375-0.00522743723470622j)
03_6,070,03,11,(0.0847082766881981-0.00499680607437985j)
03_6,060,03,11,(0.0850355717391128-0.00483299809138061j)
03_6,050,03,11,(0.0851683792977318-0.00489652164929736j)
03_6,040,03,11,(0.0853297721512978-0.00498361591946549j)
03_6,030,03,11,(0.0856156688955243-0.00499819666734012j)
03_6,020,03,11,(0.0862461321472801-0.0048730841293846j)
03_6,010,03,11,(0.087439528097572-0.00544315821225503j)
03_7,100,03,11,(0.0854488664738853-0.00561127322017553j)
03_7,090,03,11,(0.085317251154369-0.00515828383413509j)
03_7,080,03,11,(0.085062684366085-0.00508535451614094j)
03_7,070,03,11,(0.0853039404508719-0.0050027286143989j)
03_7,060,03,11,(0.0856042441022724-0.00497202227346896j)
03_7,050,03,11,(0.0860505533547322-0.00488784483438384j)
03_7,040,03,11,(0.0863545007612382-0.00506296475417801j)
03_7,030,03,11,(0.0868993194319623-0.00505288405262265j)
03_7,020,03,11,(0.0876728994856512-0.00510304030471326j)
03_7,010,03,11,(0.0885583793647663-0.0052133927596385j)
03_8,100,03,11,(0.0853571960541017-0.00561676940226291j)
03_8,090,03,11,(0.0850744108010146-0.00521493824159908j)
03_8,080,03,11,(0.0853502083417149-0.00504613934380585j)
03_8,070,03,11,(0.0856312015434151-0.00482557926243187j)
03_8,060,03,11,(0.0858849435574359-0.00479758615233887j)
03_8,050,03,11,(0.0860984946009954-0.00473053053555669j)
03_8,040,03,11,(0.0865347422426731-0.00479680957160161j)
03_8,030,03,11,(0.0872163389351776-0.00494153961730862j)
03_8,020,03,11,(0.0880056570009433-0.00516770260279527j)
03_8,010,03,11,(0.0891164679771825-0.00534995544050109j)
03_9,100,03,11,(0.0855909740536735-0.00538976761799204j)
03_9,090,03,11,(0.085010459868447-0.00506910939644207j)
03_9,080,03,11,(0.0847016839894768-0.00486882126910755j)
03_9,070,03,11,(0.0846521749545493-0.0047370901970596j)
03_9,060,03,11,(0.084508361697447-0.00457952355070763j)
03_9,050,03,11,(0.0849756044212249-0.00469688493815812j)
03_9,040,03,11,(0.0857933723021084-0.00501028620335822j)
03_9,030,03,11,(0.0861885183911732-0.00508977681996574j)
03_9,020,03,11,(0.0867616704521375-0.00510615383653204j)
03_9,010,03,11,(0.0875914842944569-0.00528241154849372j)
02_4,100,02,12,(0.0825629671527624-0.00583808680876292j)
02_4,090,02,12,(0.0818386415116092-0.00526737237239767j)
02_4,080,02,12,(0.0816091499398173-0.00505629042382859j)
02_4,070,02,12,(0.0815051727058402-0.00490418425190991j)
02_4,060,02,12,(0.0814525549223589-0.00481571939658953j)
02_4,050,02,12,(0.0818522888967739-0.00482989548432096j)
02_4,040,02,12,(0.0822566222273677-0.00500876269925622j)
02_4,030,02,12,(0.0824771655927531-0.00504467022743874j)
02_4,020,02,12,(0.0832728915914098-0.00506959260927884j)
02_4,010,02,12,(0.084372865329529-0.00505727036878067j)
02_5,100,02,12,(0.0822441382638411-0.00568698194866762j)
02_5,090,02,12,(0.0813482750891343-0.0051676353358116j)
02_5,080,02,12,(0.0812812133443989-0.00509256980988227j)
02_5,070,02,12,(0.0814665883225483-0.00482091980284546j)
02_5,060,02,12,(0.0816712737661064-0.00484102287631116j)
02_5,050,02,12,(0.0821178708943237-0.00472230412630128j)
02_5,040,02,12,(0.082453335044765-0.00502893075094625j)
02_5,030,02,12,(0.0826822150279182-0.00485940360730559j)
02_5,020,02,12,(0.0833622966354503-0.00494563627924457j)
02_5,010,02,12,(0.0842080861875088-0.00516112807090436j)
02_6,100,02,12,(0.0835503460726871-0.00554505539499505j)
02_6,090,02,12,(0.0831444002061269-0.0051386467559338j)
02_6,080,02,12,(0.0830335444513739-0.00492232601522179j)
02_6,070,02,12,(0.082823862326932-0.00491082022809557j)
02_6,060,02,12,(0.0830790882567879-0.00466803454354679j)
02_6,050,02,12,(0.0831571787302972-0.00476480162152968j)
02_6,040,02,12,(0.0837460504445712-0.00491650715742719j)
02_6,030,02,12,(0.0840147932130405-0.00500941803038051j)
02_6,020,02,12,(0.0846368693480163-0.00499936738375297j)
02_6,010,02,12,(0.0857721093335733-0.00535243994939803j)
02_7,100,02,12,(0.0815981995387456-0.00557122032790699j)
02_7,090,02,12,(0.0813796274105457-0.00504213882435492j)
02_7,080,02,12,(0.0812776602947684-0.00470942094911446j)
02_7,070,02,12,(0.0811072171844822-0.00459593705088959j)
02_7,060,02,12,(0.0813382647197995-0.00452495040416962j)
02_7,050,02,12,(0.0816024680160137-0.00472903165539884j)
02_7,040,02,12,(0.0818678805386309-0.00466461104599489j)
02_7,030,02,12,(0.0821576997017015-0.00475471687653921j)
02_7,020,02,12,(0.082061692906577-0.0047448217545078j)
02_7,010,02,12,(0.0831368404011969-0.00488987557871105j)
02_8,100,02,12,(0.0799493112084048-0.00537349278266498j)
02_8,090,02,12,(0.0796691028226856-0.00485062813356458j)
02_8,080,02,12,(0.0795783126358905-0.00461920049153389j)
02_8,070,02,12,(0.0796172635700917-0.00460745946240712j)
02_8,060,02,12,(0.079807160554902-0.00444795433929761j)
02_8,050,02,12,(0.0800244769276698-0.00466510756728039j)
02_8,040,02,12,(0.0802815617375394-0.00462549932753281j)
02_8,030,02,12,(0.0809085503395057-0.00463869488726469j)
02_8,020,02,12,(0.0812745090563515-0.00462338212705248j)
02_8,010,02,12,(0.0819820141238777-0.00472363516002473j)
02_9,100,02,12,(0.080604173050763-0.00544366415167134j)
02_9,090,02,12,(0.0804024521585476-0.00485475047540819j)
02_9,080,02,12,(0.0803821954264115-0.00468881204257749j)
02_9,070,02,12,(0.0806639385426564-0.00455514348179049j)
02_9,060,02,12,(0.0808161697686474-0.00449742765201793j)
02_9,050,02,12,(0.0813241646744162-0.00453379441002413j)
02_9,040,02,12,(0.0816202275967856-0.00462450129176588j)
02_9,030,02,12,(0.0821011767240228-0.00452915720048342j)
02_9,020,02,12,(0.0826252134978796-0.00454005315039871j)
02_9,010,02,12,(0.083440688349889-0.00475434571057971j)
03_4,100,03,12,(0.0831777553365123-0.00549215069512836j)
03_4,090,03,12,(0.0823315750903802-0.00510315487553893j)
03_4,080,03,12,(0.0820756371119159-0.00474296253774866j)
03_4,070,03,12,(0.0819935394676191-0.00472389181780582j)
03_4,060,03,12,(0.0821610651026532-0.00468856835159484j)
03_4,050,03,12,(0.0824377302338252-0.00469820227390532j)
03_4,040,03,12,(0.0825670589746956-0.00468898668354339j)
03_4,030,03,12,(0.0829385190176153-0.00471912044998108j)
03_4,020,03,12,(0.0835732214847632-0.0046663548347162j)
03_4,010,03,12,(0.0841126560994113-0.00479903113845012j)
03_5,100,03,12,(0.0822600432560188-0.0052003365773217j)
03_5,090,03,12,(0.0817124693213575-0.00477385122189385j)
03_5,080,03,12,(0.0814912198214986-0.00463547520008646j)
03_5,070,03,12,(0.0812519348885936-0.00458574225169903j)
03_5,060,03,12,(0.0814484638698828-0.0043626895299247j)
03_5,050,03,12,(0.0817294668825603-0.00451698635355766j)
03_5,040,03,12,(0.0821212363429572-0.00454337484030868j)
03_5,030,03,12,(0.0825365395494488-0.00454831938493997j)
03_5,020,03,12,(0.0827636264222289-0.0046224285900632j)
03_5,010,03,12,(0.0833548483026966-0.00477865895026707j)
03_6,100,03,12,(0.0831634881135957-0.00507680485300816j)
03_6,090,03,12,(0.0827536472237191-0.00462034167174013j)
03_6,080,03,12,(0.0824740150513177-0.00455404620132841j)
03_6,070,03,12,(0.082252613289223-0.00445142262332564j)
03_6,060,03,12,(0.0828629405306942-0.00451071583731025j)
03_6,050,03,12,(0.0829829350403911-0.00438568038559011j)
03_6,040,03,12,(0.0831387650089204-0.00431929028275315j)
03_6,030,03,12,(0.08335511978028-0.00443669276214617j)
03_6,020,03,12,(0.0840125534917771-0.00434166450132553j)
03_6,010,03,12,(0.0849253498571971-0.00485614279649007j)
03_7,100,03,12,(0.0828089543493587-0.00514070716848901j)
03_7,090,03,12,(0.0830122321623522-0.0045763758318721j)
03_7,080,03,12,(0.0827986332309234-0.00450285220830801j)
03_7,070,03,12,(0.0830811090832579-0.00441037405911188j)
03_7,060,03,12,(0.0834287165735297-0.00444444216010076j)
03_7,050,03,12,(0.0837654519781226-0.00435067712102915j)
03_7,040,03,12,(0.0842442939832641-0.00443744276629922j)
03_7,030,03,12,(0.0846699611612725-0.00438938371359549j)
03_7,020,03,12,(0.0854265488754574-0.00442648362905304j)
03_7,010,03,12,(0.0862578605706992-0.00458617923381101j)
03_8,100,03,12,(0.0828830152511917-0.00484016597991531j)
03_8,090,03,12,(0.0827663659967012-0.00472395078340235j)
03_8,080,03,12,(0.0831189475302916-0.00443246505408685j)
03_8,070,03,12,(0.0833723650886027-0.00435805605093611j)
03_8,060,03,12,(0.0836858089972983-0.00426598623765707j)
03_8,050,03,12,(0.0841091721743681-0.00422203887029017j)
03_8,040,03,12,(0.0843389096964132-0.00424950495662286j)
03_8,030,03,12,(0.0850417616243467-0.00439535878693838j)
03_8,020,03,12,(0.0857262800087201-0.00456839138875641j)
03_8,010,03,12,(0.0867431223760343-0.00468505600303992j)
03_9,100,03,12,(0.0831141045451047-0.00469833963116838j)
03_9,090,03,12,(0.0827470998539736-0.00445081124923867j)
03_9,080,03,12,(0.0825488538323905-0.0043808035355905j)
03_9,070,03,12,(0.0825350579763968-0.0041140961404962j)
03_9,060,03,12,(0.0825240075456406-0.00409028586062338j)
03_9,050,03,12,(0.0828084575492814-0.00416716603816117j)
03_9,040,03,12,(0.0835966313616584-0.00434674794742862j)
03_9,030,03,12,(0.0839467489348469-0.00451678933865543j)
03_9,020,03,12,(0.084558551726694-0.00452593790273273j)
03_9,010,03,12,(0.0852752471932038-0.00463567078992669j)
02_4,100,02,13,(0.0796810249508533-0.00404468121863557j)
02_4,090,02,13,(0.0792705156114722-0.00376420286995602j)
02_4,080,02,13,(0.0788288902800027-0.00344201654835451j)
02_4,070,02,13,(0.0788720847406654-0.00357221076102571j)
02_4,060,02,13,(0.0787624165416349-0.00345434832640213j)
02_4,050,02,13,(0.0791873126476042-0.0035032520463323j)
02_4,040,02,13,(0.0797088385612954-0.00353410054176741j)
02_4,030,02,13,(0.0799362911600626-0.00348862154423045j)
02_4,020,02,13,(0.0806114605178115-0.00360733199840731j)
02_4,010,02,13,(0.0816579473833468-0.00365423758034499j)
02_5,100,02,13,(0.0791570179171609-0.00395453484146769j)
02_5,090,02,13,(0.0785769570711921-0.00380295898023028j)
02_5,080,02,13,(0.0786670866721456-0.00366919712571987j)
02_5,070,02,13,(0.0789889277301562-0.00342793969386303j)
02_5,060,02,13,(0.079004144673493-0.00356253997559773j)
02_5,050,02,13,(0.0795354041510605-0.00349511809492725j)
02_5,040,02,13,(0.079840091895543-0.00337990220949024j)
02_5,030,02,13,(0.0801479421481261-0.00349529906516792j)
02_5,020,02,13,(0.0806813456678829-0.00367648087899452j)
02_5,010,02,13,(0.0815865876649727-0.00371450607496163j)
02_6,100,02,13,(0.0805599630708637-0.00388946828598029j)
02_6,090,02,13,(0.0804756484180247-0.00366502576340687j)
02_6,080,02,13,(0.0802607015012278-0.00348545273451304j)
02_6,070,02,13,(0.0802651157280573-0.00334094494653614j)
02_6,060,02,13,(0.0804779942626235-0.0034908465879143j)
02_6,050,02,13,(0.0806916528269752-0.00357901435428049j)
02_6,040,02,13,(0.0810614138247784-0.00353731712414061j)
02_6,030,02,13,(0.0813679219133269-0.00359798066964025j)
02_6,020,02,13,(0.0820223735897984-0.00366175688338346j)
02_6,010,02,13,(0.0828667425216352-0.00371075859091611j)
02_7,100,02,13,(0.078754292151787-0.00408768276025076j)
02_7,090,02,13,(0.0788036118287961-0.00365525349894741j)
02_7,080,02,13,(0.0785556275751933-0.00355021190766317j)
02_7,070,02,13,(0.0786052088178178-0.00343443135181664j)
02_7,060,02,13,(0.0787214573142182-0.0034992760084734j)
02_7,050,02,13,(0.0790759464454168-0.00340806813239492j)
02_7,040,02,13,(0.0792278970558433-0.00350525104318783j)
02_7,030,02,13,(0.0796973022926705-0.00351536125025866j)
02_7,020,02,13,(0.0796365355397714-0.00349695349402657j)
02_7,010,02,13,(0.0803476529100315-0.00370362604888503j)
02_8,100,02,13,(0.0770280319540691-0.0038781132013385j)
02_8,090,02,13,(0.0770175261004553-0.00343215343067399j)
02_8,080,02,13,(0.0770158637373511-0.00331714217619416j)
02_8,070,02,13,(0.0770862337512137-0.0035229765750414j)
02_8,060,02,13,(0.0772918531149311-0.00328526029435022j)
02_8,050,02,13,(0.0774937569930673-0.00327720063326268j)
02_8,040,02,13,(0.0778612749645253-0.00346942396320535j)
02_8,030,02,13,(0.0781317969904912-0.00353001712947925j)
02_8,020,02,13,(0.0786401880244029-0.00365904694432177j)
02_8,010,02,13,(0.0795620258754696-0.00363751178898912j)
02_9,100,02,13,(0.0776780558640585-0.00386917252159893j)
02_9,090,02,13,(0.0778942960050025-0.00354367335129423j)
02_9,080,02,13,(0.0779244125489943-0.00351472725559285j)
02_9,070,02,13,(0.0782013192400566-0.00324347781217514j)
02_9,060,02,13,(0.0784526753357134-0.00323134631284892j)
02_9,050,02,13,(0.0787315575091956-0.00322542412048061j)
02_9,040,02,13,(0.0792879729956533-0.00345527139797334j)
02_9,030,02,13,(0.0796444538666056-0.00335934037445214j)
02_9,020,02,13,(0.0801075147354618-0.00333780905493959j)
02_9,010,02,13,(0.0808238056999132-0.00356884077593099j)
03_4,100,03,13,(0.0802870336295149-0.00406902554313081j)
03_4,090,03,13,(0.0796757287148572-0.00383132282450144j)
03_4,080,03,13,(0.0795118989100777-0.00349960363351673j)
03_4,070,03,13,(0.0794744874046867-0.00341036953618925j)
03_4,060,03,13,(0.0796681897151564-0.00345324029096288j)
03_4,050,03,13,(0.0798088461629347-0.00336730706089187j)
03_4,040,03,13,(0.0800923676220632-0.00359122013831382j)
03_4,030,03,13,(0.0804419938717977-0.00344961403608932j)
03_4,020,03,13,(0.080987845973746-0.00351292094296405j)
03_4,010,03,13,(0.081456082255642-0.00362362565109795j)
03_5,100,03,13,(0.0794334084381888-0.00378509586824122j)
03_5,090,03,13,(0.0791308961397204-0.00347763161137302j)
03_5,080,03,13,(0.0788501545577026-0.00354451659767509j)
03_5,070,03,13,(0.0787539258857853-0.00339271445971735j)
03_5,060,03,13,(0.0789182831929273-0.00342570051999504j)
03_5,050,03,13,(0.0792729342828914-0.00338320051041821j)
03_5,040,03,13,(0.0796311909978235-0.00348845584580771j)
03_5,030,03,13,(0.079931960336286-0.0035415572931446j)
03_5,020,03,13,(0.0802799938303405-0.00341424663458405j)
03_5,010,03,13,(0.0807699424537999-0.00357385960655716j)
03_6,100,03,13,(0.0805163449426773-0.00384208457727046j)
03_6,090,03,13,(0.0801348851624912-0.00352813694512529j)
03_6,080,03,13,(0.0800443307653664-0.00344100690063086j)
03_6,070,03,13,(0.079920818678371-0.00328400204661563j)
03_6,060,03,13,(0.0803525220021072-0.00328736537250497j)
03_6,050,03,13,(0.0805219547009273-0.00331268929889589j)
03_6,040,03,13,(0.0807086989518812-0.00321871887483695j)
03_6,030,03,13,(0.0810250120780705-0.00341581077595618j)
03_6,020,03,13,(0.081475694458805-0.00339535229021221j)
03_6,010,03,13,(0.0823172767995176-0.00362558132281649j)
03_7,100,03,13,(0.0801767178898237-0.0037665139054538j)
03_7,090,03,13,(0.0804702179464383-0.00342074275626776j)
03_7,080,03,13,(0.0804118413917669-0.00333903859203592j)
03_7,070,03,13,(0.080657453668951-0.00331967009134972j)
03_7,060,03,13,(0.0810516607913621-0.00322737460631525j)
03_7,050,03,13,(0.0814581105108989-0.00338865343367618j)
03_7,040,03,13,(0.0816469182276099-0.00333149817440425j)
03_7,030,03,13,(0.0821613481820778-0.00343638648332434j)
03_7,020,03,13,(0.0829367861488441-0.00337211889675248j)
03_7,010,03,13,(0.0838392624036218-0.00352292156374061j)
03_8,100,03,13,(0.0801615873308542-0.00364172641154966j)
03_8,090,03,13,(0.080351567273045-0.00346414592559733j)
03_8,080,03,13,(0.0807324904006271-0.00335334755167789j)
03_8,070,03,13,(0.0810925872284607-0.00323247322825381j)
03_8,060,03,13,(0.0812532976170783-0.00322733302732603j)
03_8,050,03,13,(0.0816001180944713-0.00326666747176243j)
03_8,040,03,13,(0.0819872652008262-0.00316731651618925j)
03_8,030,03,13,(0.0825715318627965-0.00336031270201042j)
03_8,020,03,13,(0.0831453338486014-0.00351855011543657j)
03_8,010,03,13,(0.084102736358977-0.00351939244201915j)
03_9,100,03,13,(0.0804042647725004-0.00352601272461052j)
03_9,090,03,13,(0.0802364951496683-0.00351687411991381j)
03_9,080,03,13,(0.0802421965606092-0.00338926213692232j)
03_9,070,03,13,(0.0801873742266941-0.00320717926117977j)
03_9,060,03,13,(0.0802412284659979-0.00322199181968506j)
03_9,050,03,13,(0.0804312186803962-0.00328901077412735j)
03_9,040,03,13,(0.0810789896294456-0.00334048402555805j)
03_9,030,03,13,(0.0813484222238053-0.00341520319196164j)
03_9,020,03,13,(0.0818908363040817-0.00345558053120557j)
03_9,010,03,13,(0.0826900503516122-0.00355404174874865j)
